sample,n_unique_pe,n_unm_both_pe,n_unm1_pe,n_unm2_pe
005301a4-1151-4421-9c73-961a7b628b63_gdc_realn_rehead,91580885,950827,782275,2563499
01d7c202-af14-4720-92ad-6c9ab5273e5b_gdc_realn_rehead,35715236,77486,252744,1015800
02b776d9-d5eb-4b34-9854-82d4cfae4751_gdc_realn_rehead,48855752,812655,442081,1041584
0330e749-318e-4de9-9c99-1443594b6360_gdc_realn_rehead,51980727,175504,545379,1147135
033f395d-f27b-4199-a16f-6bd6b18449a4_gdc_realn_rehead,62156224,832168,657735,2396536
03e07184-68da-4e59-abb6-c5b6526c990c_gdc_realn_rehead,62204278,1456740,506167,1283342
053bca4b-74e4-4fba-bd0d-7b2c2d678a66_gdc_realn_rehead,48336052,344083,469186,2431041
05856688-714a-446b-8652-d38e94d7ae93_gdc_realn_rehead,117594981,956914,629662,2347349
058ef2a4-a1f9-40ea-ad44-b4e00dc5b014_gdc_realn_rehead,60236589,396036,414055,1059451
0601965e-336a-474e-85c0-398a3c4d7782_gdc_realn_rehead,65503715,1072954,369787,1303024
06904d76-38ca-4c2a-8699-a57aacce0ec2_gdc_realn_rehead,91971289,406891,550800,1554511
0699db2f-847c-4944-8b5e-2f2a196d5707_gdc_realn_rehead,31788293,90517,356230,650968
077dd646-bab9-4a29-8994-105e1a9f6def_gdc_realn_rehead,56738796,645055,778492,1753783
07c72ab1-765a-4cad-a8f5-b219b1df8089_gdc_realn_rehead,47642536,217104,332236,912141
07f95427-39be-4884-b539-c9f3e329bebc_gdc_realn_rehead,38118198,136554,275261,598255
0813f7de-f80a-488b-a275-e4636629aca3_gdc_realn_rehead,102582851,966987,688889,1745334
086e890b-cdc3-455e-84a8-66dbfa3aae11_gdc_realn_rehead,102282043,835510,677349,1514776
088964d1-025c-4080-9cc9-11a233abcd7f_gdc_realn_rehead,36934921,207449,458389,714059
091d8ab7-7cad-4921-b2c2-4304ed611fc9_gdc_realn_rehead,34195820,179560,290521,821941
09646946-fcec-44b7-8b26-a7ce89012ab1_gdc_realn_rehead,98596019,4895727,1029598,1516533
0a18b687-11be-427b-82a9-b11d80b0ea3d_gdc_realn_rehead,72640175,538070,482962,2569037
0a8e1c17-5ac8-4509-9741-ec1c59c5cebc_gdc_realn_rehead,47295735,393946,373764,907108
0d3c1f7c-8aab-4cdb-a652-d873b630de45_gdc_realn_rehead,47323574,110567,383541,1245439
0d6e7057-6aa8-46ff-9e9b-e0ba237eb19b_gdc_realn_rehead,51488456,430812,325891,1254548
0da55f74-bd6d-4b13-88db-20863165b06b_gdc_realn_rehead,32063135,95934,399118,1327468
0daa1a31-b86c-4353-b403-59db8ebcb851_gdc_realn_rehead,42233522,107211,271397,578939
0ddd82c2-8cdb-4ec0-9c5f-3321f312e962_gdc_realn_rehead,92627914,460436,570763,1341463
0e8babe1-4c15-4d9c-a26b-2ad839cef580_gdc_realn_rehead,47373570,1261481,336979,976964
0ea510ed-4e24-4c5b-ab49-cfef85aedeab_gdc_realn_rehead,130560940,657650,827585,2199007
0f077bd4-3907-4a81-a3df-0c1f5f32ff47_gdc_realn_rehead,83513752,383366,1170302,2266909
100406a4-d12c-4ae5-b9ed-b6968f02dbe6_gdc_realn_rehead,87711968,774631,740330,1919756
108339cb-e827-4340-b52d-9b3cbb4e5165_gdc_realn_rehead,41970225,143176,498164,1485543
10e0e7f3-3fc1-43f7-b7fc-7bb6a375d060_gdc_realn_rehead,40214462,188104,309614,980008
10e22941-6475-4f0b-8288-4e23e58864a6_gdc_realn_rehead,69420648,230579,561970,1612885
1108c8ca-9630-44b9-ab41-f56286b4766f_gdc_realn_rehead,82559754,1233500,674456,2071547
1132c05d-00f1-4c3b-a0ed-06a735c82401_gdc_realn_rehead,40054289,235146,395101,1204376
1198fd4b-6d38-4cb3-93b1-9a3b424fc339_gdc_realn_rehead,90918186,623577,758346,1654881
11be0d17-30b2-45ce-8e14-432e0c9a628f_gdc_realn_rehead,42206171,764636,756033,1215511
1228fb38-e5a9-4521-ad83-a67977908527_gdc_realn_rehead,34988307,601069,305299,1306291
12b39ffe-9ea7-421a-af7c-2558fa992d78_gdc_realn_rehead,110697668,1427358,1185403,3183338
13ed08ee-d7e8-43bd-9ee1-7850140e8210_gdc_realn_rehead,55757866,285908,527236,1608701
14e63f70-0dba-435f-a747-17239a97100f_gdc_realn_rehead,112889167,1761571,1312590,4028388
14fe760a-b84e-4d6e-ab4f-56fbd5cf93ac_gdc_realn_rehead,81745427,255990,446932,1271003
15f9814d-1a98-4579-9e59-9c4de59ffe01_gdc_realn_rehead,38182684,861833,217100,513381
1642360c-3217-42ce-b1c3-8a18c77a26be_gdc_realn_rehead,33033327,151639,317348,862735
169ff044-7e80-475a-8834-bfdb10180992_gdc_realn_rehead,95012235,366429,644696,1829539
170eae5f-f32e-45e5-beda-848a84ad2fb4_gdc_realn_rehead,65456583,217291,923034,1948764
17579b7c-6ebd-4da8-9df5-004a69a7ef3d_gdc_realn_rehead,39742450,209775,273690,551354
1774634c-c5f9-46b4-bd3d-01c9e520e341_gdc_realn_rehead,55760632,3197376,362032,860099
17d3f67c-7d54-4866-88d5-96272a8b8bee_gdc_realn_rehead,37001172,259496,296151,1060035
1845d6cd-3528-4c1f-819d-c1c39e354dea_gdc_realn_rehead,53418316,262225,483408,1377395
18b2e6a9-0213-410f-ab5d-10e839b4d4ee_gdc_realn_rehead,63812347,411307,551740,2410498
18b7d94a-8660-46b8-8681-323fdfee2826_gdc_realn_rehead,43529981,113768,309454,657466
19253042-25b5-469d-aa1b-4822f6dd92db_gdc_realn_rehead,109000784,908984,1199241,2873926
19b05e39-15f0-4a05-9df4-b0ae1864494a_gdc_realn_rehead,46232246,134610,294329,934556
1b5ccbbc-977d-4022-9420-30a51dd716bd_gdc_realn_rehead,77334485,2466550,1180851,2253847
1b9642cd-d963-4251-a929-b499516a3f82_gdc_realn_rehead,45687686,156811,370432,968889
1bdf64ba-0881-4ab3-a2e6-e8c38d925e45_gdc_realn_rehead,55088390,226482,693979,2013787
1bfdc454-759f-43b2-9c8e-7298efe412fc_gdc_realn_rehead,62863214,454810,652411,2193943
1c0e230e-5838-4cb1-9f48-a5b5173dfd3e_gdc_realn_rehead,42331573,244232,272788,880555
1efde3b7-5fd9-4fee-bc1f-9cd9f5a3221d_gdc_realn_rehead,50687569,486976,452661,971636
1f3d2751-c60c-4c2f-bb9f-cc35c05903ab_gdc_realn_rehead,88637295,482197,502448,1473943
201beb6e-8c73-432e-aafd-893e44ad6163_gdc_realn_rehead,57754113,432733,401745,1816049
201d192c-9f30-445a-a0ac-f9534aab9902_gdc_realn_rehead,58948002,183650,569235,996701
20201e84-9484-4a28-9af6-d229f45c6703_gdc_realn_rehead,44743049,256776,260956,648402
208ee929-9039-43fb-8177-11631c297103_gdc_realn_rehead,95856033,433407,592579,1461446
21300d10-0c92-49e8-a2c9-f444f3010303_gdc_realn_rehead,77807923,1952172,679796,3327699
218497eb-3c64-4e96-bd70-c2cf3d6d9877_gdc_realn_rehead,25619406,65186,236868,644947
21d1dc59-02bf-46bc-ac59-5ba6a6883595_gdc_realn_rehead,66531652,359537,388269,1217768
21f22a44-fb3b-422f-8d6f-934e53ec5aec_gdc_realn_rehead,41949501,398429,327106,942105
21fb3492-7e9e-466f-9d98-d5394af5d2d2_gdc_realn_rehead,41121279,210517,257578,1549669
230fd3e9-44a2-4391-825d-143cba8bcf9a_gdc_realn_rehead,93650398,1240261,330319,3528044
23221ebb-100c-4e28-bf4e-0f164a8ed50a_gdc_realn_rehead,96253894,481152,590562,1309783
233446a9-2cbf-4395-9fb4-0660276d9885_gdc_realn_rehead,95719700,42804329,530629,765511
233d824a-5818-41ec-adc9-8464ddc024c1_gdc_realn_rehead,77298647,458071,550328,7845453
2371f879-e2a1-4487-ba2d-a14d40981ace_gdc_realn_rehead,42334775,437717,242650,517329
23e069a4-9d44-442e-8d49-eb088fb9a187_gdc_realn_rehead,92508017,586132,388060,3460602
24266bd0-b5ba-4168-b9f2-484c74d0b795_gdc_realn_rehead,39748213,376033,280675,970659
250289ec-46a2-4ce2-84bc-0b6168a1f8b0_gdc_realn_rehead,58575715,757177,604448,1718177
25deadd5-883a-4e88-8016-e337c1cec641_gdc_realn_rehead,44661776,150262,471680,846494
25fc67f7-eb4f-4a80-b5a8-a89c6e5a9292_gdc_realn_rehead,46636798,273699,335788,1118452
267d0d2e-32c6-475b-b4a6-c3c9ecc57a4d_gdc_realn_rehead,90407964,1581020,636541,2318874
269f6d2a-87dc-4fd8-af61-2ab4e6e06728_gdc_realn_rehead,32064721,176464,328331,944484
284cdeba-e8fb-4e5d-960a-dc45815fd3bd_gdc_realn_rehead,29841727,37772,209377,820460
28d806cd-95c7-4dfb-a980-1a482bbdf285_gdc_realn_rehead,43180796,194980,364109,888355
291c515a-0c08-4f00-ad1a-13b6ec6fb982_gdc_realn_rehead,74466308,3294220,909273,2097466
2950c941-f93f-4948-97f2-74cf6d5161de_gdc_realn_rehead,37157979,136275,459246,1392145
298d5de5-f66d-47db-8150-908ca70f6f86_gdc_realn_rehead,84587605,681005,421490,2951178
298f6a56-5a1d-4b35-bb8a-e670ea6a0ee9_gdc_realn_rehead,42884722,157080,349938,997690
29b33845-77da-4a4b-a6e7-7b4aa6a26393_gdc_realn_rehead,117263075,1745373,745026,1615685
29d635f0-3db9-4d3a-bae3-7e16de3b6bea_gdc_realn_rehead,82218854,477150,939846,2956551
2a694afb-c9d8-47da-91b1-563685fbdd70_gdc_realn_rehead,66792778,751350,1427784,2808825
2a8cf710-6197-4a1c-b7b3-97bbb975c715_gdc_realn_rehead,52302762,417384,325821,833389
2adbf2eb-6c1c-4624-91ce-86765f2219c5_gdc_realn_rehead,31370725,101329,685452,659696
2babb909-4d6a-4873-9010-0481cd9d7f67_gdc_realn_rehead,59979707,3226993,494777,891409
2c5bf985-e02f-4319-9060-03903d77629c_gdc_realn_rehead,29114542,170053,348604,980283
2c652ec1-ee07-4d63-bfb0-cbf9e4013717_gdc_realn_rehead,59734067,621095,405919,2154782
2c95ea97-62f0-4cdf-b5c2-e52f1dba1df7_gdc_realn_rehead,52317410,1440961,275092,704920
2ca0803b-71dc-4910-9307-dd5aeb5c8015_gdc_realn_rehead,63065342,400019,703082,2565838
2cfd1613-48d7-467e-99f6-cb93b233c019_gdc_realn_rehead,47136003,1013711,282261,653830
2d5e614b-ab16-4ff9-bb9a-0c1004890a77_gdc_realn_rehead,46567665,372540,521554,990566
2d75f728-595b-4489-af45-081055c80a90_gdc_realn_rehead,63045630,863539,525425,2549187
2e9d32f5-a015-4eb9-8284-3bbec9f97272_gdc_realn_rehead,68624570,830534,718063,2718173
2efe4617-99bc-4b18-9159-7739131c8aa9_gdc_realn_rehead,30304629,405426,295340,625180
2f3322db-f3cb-4a08-b81b-bba1703f55c1_gdc_realn_rehead,34373853,459929,218694,459094
2f973de3-769b-4ab3-8633-c1eb2f53a67f_gdc_realn_rehead,63217080,418932,708405,1273399
2f9b92f8-8c19-41e3-896c-42f383616055_gdc_realn_rehead,85043926,860018,600062,1748607
3001ec84-0cf6-478d-944d-31477f29682c_gdc_realn_rehead,53408730,940726,336281,1119021
303660c7-e51c-425d-9432-f59b6b427b41_gdc_realn_rehead,70152357,350875,562243,1892949
3053eba0-ea7d-4458-8d90-8529d9d9cd5b_gdc_realn_rehead,73617529,973426,443826,1343852
3072d901-49d8-4081-822b-0c028e9e28fa_gdc_realn_rehead,44292556,177506,311996,1001184
30adccfc-bb00-4b20-9579-2fd4db4cbd32_gdc_realn_rehead,60194824,462277,457249,1272533
3103782a-2847-4a2a-b31f-4e5ea2ed76b0_gdc_realn_rehead,56553980,300766,406120,1075077
319e9480-8717-4ccc-b906-2e42be7db976_gdc_realn_rehead,60521646,405380,693189,2144483
31e494ef-4885-4296-99df-d1583cff7a5c_gdc_realn_rehead,44965213,186871,289813,1223108
31e8213b-267f-48f4-b632-583c52927248_gdc_realn_rehead,74784022,1488761,687158,1496988
31f13ffe-59d7-4b49-89e2-020daf75b1ee_gdc_realn_rehead,66052045,357046,426170,1258233
3208ed34-81cc-4419-8bfe-310568b43c80_gdc_realn_rehead,30166563,124266,248276,517709
32b09cce-1d6a-44f1-8699-7cdf8d6e0fb3_gdc_realn_rehead,38587232,147483,316498,1038539
33cfa2ad-37ac-485c-b721-2da6885ce3f6_gdc_realn_rehead,51380411,352442,475240,1451878
344403b9-e960-4d21-8094-c64c6c21feac_gdc_realn_rehead,41255786,103998,207528,685838
345bf6c7-2b7c-4ff6-9edf-5eb579ffbe5d_gdc_realn_rehead,84579307,286712,617980,1362769
346dd6ea-76b5-4e01-926d-07832d3a76c4_gdc_realn_rehead,26087330,461411,187720,496309
35efed04-67eb-4cad-aa21-e1c0ce81db9d_gdc_realn_rehead,93846488,1203315,635931,1342038
368ddefd-8538-426b-9015-a3c7f3bb7850_gdc_realn_rehead,92369711,668153,1019542,2199778
377df6dd-af23-4337-8713-a5c4955b7d6f_gdc_realn_rehead,72364596,1075297,497384,1204438
3798177b-bd80-48b4-a937-c4d4464d482a_gdc_realn_rehead,37651151,427995,425562,783151
38d095ea-9002-42a5-a556-1c751b0405e9_gdc_realn_rehead,83126640,268122,599624,1792887
38dc8f73-a4ec-4f38-a612-11cf1faa1d8d_gdc_realn_rehead,42399098,498937,281812,611427
39360e12-b82e-423e-97fa-392cbd6cb971_gdc_realn_rehead,53000073,1018852,522775,1027708
39b27f76-9e10-4284-b5dc-7b5a554dfe26_gdc_realn_rehead,50451894,455992,406454,1908082
3a5d8a5d-4fd2-41b0-ac21-dfa50eab1dcc_gdc_realn_rehead,56949238,895373,558326,1272063
3b50841d-fd1b-4f40-85db-db97403b3411_gdc_realn_rehead,48347857,214350,307160,892813
3d2b7c58-6ae8-4199-8782-b4c37b52e757_gdc_realn_rehead,43278345,273132,409208,754836
3d44d6c3-5dcf-42ee-8ebe-dcdaad30493c_gdc_realn_rehead,93818647,7260391,819214,1184612
3e37a585-683d-4c2d-818f-67cb53da7a37_gdc_realn_rehead,78214440,772866,531126,1229222
3e393ba2-b0bb-47aa-80e3-eb78214a3e54_gdc_realn_rehead,66592165,817011,668318,1341932
3ebcd3bb-9188-4c03-a6db-f4b8d191f0f2_gdc_realn_rehead,88596647,392896,728225,1656421
3efc7114-c5a2-4bb6-b6bf-02fafc3573f6_gdc_realn_rehead,68993751,463580,339153,1248584
3f27519d-4cb0-4427-b90e-4b3ed890649c_gdc_realn_rehead,71869303,880775,537608,13719092
3f53a71c-e0a7-442f-92da-4e74f5c84581_gdc_realn_rehead,49834042,196006,598643,1708909
3f574e31-db95-4199-826c-c2f5b1e4332b_gdc_realn_rehead,43537363,116108,399158,1020490
3f612e90-0fe9-4c7c-a686-247472cfe4e2_gdc_realn_rehead,86791924,343326,618811,1421230
3f88026f-3beb-4805-85aa-65b5e5909b64_gdc_realn_rehead,59602713,775492,482448,1116265
3fba503a-4c2f-4909-a094-a9c4882afee5_gdc_realn_rehead,52407677,231912,362986,803383
4023042c-409b-433f-9c43-c719736a55ba_gdc_realn_rehead,64406125,492267,708749,1453009
41481131-9b42-47bb-9f05-879007ad423c_gdc_realn_rehead,83514927,448126,798451,1874029
418985cf-3f58-4673-9303-961204e7c470_gdc_realn_rehead,77758408,483146,448176,1479245
4253cc98-350d-4c54-a98c-113d15cf6381_gdc_realn_rehead,32579024,716620,290335,675574
426159a8-d17a-4770-91ac-578ecdf46b8d_gdc_realn_rehead,62758418,852469,495135,1582325
42722360-9f14-453c-851e-aadc068affcc_gdc_realn_rehead,98444514,1982173,427829,3485846
42da1d41-a034-4c87-af13-615a6d94d0bb_gdc_realn_rehead,100814127,1774836,645915,1913226
42de85be-ae4e-47c9-97d9-1b92f1f4569a_gdc_realn_rehead,48541676,273121,412923,1411613
4340a3f4-4b56-432a-949a-655b5f74c2f7_gdc_realn_rehead,45926773,112430,365937,1094113
43e6a77d-38e0-46b9-9040-e016ebcb6896_gdc_realn_rehead,61121137,398688,502563,2182532
442b5275-5bf5-439b-9b82-2a2f49ede40e_gdc_realn_rehead,84114511,1479726,836254,2026395
4487bf18-eeee-41bd-a6e8-ae859042feda_gdc_realn_rehead,123985562,1559600,1208164,2534865
44923b77-7082-4567-9712-1f05207b94d6_gdc_realn_rehead,78699556,619004,634179,1655011
44ab1da4-a195-4f76-a012-393e3fdb5611_gdc_realn_rehead,34805087,1794391,293077,616623
455a3e8d-2074-41af-b082-0fbede72aeea_gdc_realn_rehead,50352870,391682,329407,849842
4585dd6a-7829-4919-8b36-25d94983144c_gdc_realn_rehead,93014302,1131393,533492,1166473
45d24c12-1c69-4b02-8ba2-290a11857a02_gdc_realn_rehead,98090382,596329,399296,4014402
45e0344b-87be-4fe9-b4fc-241bde6bbf4f_gdc_realn_rehead,56915774,179420,357428,1151891
45e61125-c532-4188-85bc-847258e516ed_gdc_realn_rehead,95876589,390731,613247,1397594
4710fc26-1185-4436-b315-db0380bd9080_gdc_realn_rehead,35086601,134570,288713,569923
4741c9f3-fed1-46ca-836b-264bdb905e89_gdc_realn_rehead,43141766,198760,337266,863858
47cea585-0a27-424c-a716-69df89183ca4_gdc_realn_rehead,80840609,905593,538090,1079748
47f72c27-1e68-46f1-8df8-8dcf698f058e_gdc_realn_rehead,50888133,629937,520609,1486876
495752ac-1048-48c3-9791-623dbd116a1a_gdc_realn_rehead,40550999,179624,322828,837616
49ba6931-e906-45e7-9701-9f2b0b6e4df4_gdc_realn_rehead,42080713,156324,376877,596088
4a1266ef-4c35-48ce-ad81-2bb25f773ac9_gdc_realn_rehead,36643173,114749,205818,394008
4a32cc85-9d19-454f-8bcd-ca1328ed5be3_gdc_realn_rehead,98865949,3521332,986063,3985774
4aa332e6-b4ab-4f56-be49-e8170c64447c_gdc_realn_rehead,66000820,596841,481597,1317217
4ad8a50e-5048-4c11-b2b3-4c67c0a4dbe7_gdc_realn_rehead,82752512,717985,1285735,3580192
4b71505f-f386-434f-9d99-a0741ae09ae2_gdc_realn_rehead,56333009,372434,834811,2025721
4c09855d-67c2-46ea-83dc-af80ec3dfeee_gdc_realn_rehead,65815768,793982,794687,2657787
4c38482a-1651-4e55-816e-acb01999a202_gdc_realn_rehead,54277535,232300,320442,593719
4c60278c-54a5-4b8c-9ae6-c8cdd5c9ddc0_gdc_realn_rehead,29513103,223172,181960,421032
4d8bf6c2-5bfa-4ac3-945b-52522a7a0cf9_gdc_realn_rehead,102617355,8398995,633481,1462997
4f4a304b-0e65-467e-b07e-155c528ceb15_gdc_realn_rehead,77691520,231622,750106,3717090
4f65e591-fba3-41aa-898f-f9a4fbd7a456_gdc_realn_rehead,60041807,539299,410183,2010281
50b6aa8d-3938-4299-9da3-d518d4d3fc19_gdc_realn_rehead,43864322,82178,432740,545500
5184a284-2486-4c21-acdd-b52e3b3d014f_gdc_realn_rehead,51147820,434310,558418,1150535
51ccb3d6-e0d2-4729-991e-46809c28a463_gdc_realn_rehead,29696848,151908,224191,751891
53043feb-0213-4b53-8204-4e6905768234_gdc_realn_rehead,68967378,747696,341926,855442
53d5d566-f294-448b-ac48-6ffa2ba333b0_gdc_realn_rehead,42236914,117133,488780,720417
54062cc8-47ba-45da-8b3f-ad5cd845d3e5_gdc_realn_rehead,39097467,492217,283284,1141323
54c0e424-f5cf-4fc9-8891-ab8ee8c10a8d_gdc_realn_rehead,46139120,171138,375826,841076
553fc948-c34d-4a39-ba90-007f43c989f7_gdc_realn_rehead,55034803,365526,516303,1319755
55427b1d-4160-45fd-a5d4-a72d724e87b4_gdc_realn_rehead,114006615,2824359,811030,1689699
556e63fa-344b-4b8f-aeca-cd0bc66370d2_gdc_realn_rehead,50998495,291654,346641,778381
55878010-15f1-473e-9361-cf31e1780675_gdc_realn_rehead,68045649,484511,544962,2575831
56466297-cbb3-4015-b7e5-5dc386bafaee_gdc_realn_rehead,71099596,303065,762984,2913967
56885fdf-ae09-4478-be99-81bd282715eb_gdc_realn_rehead,76181588,321126,548985,1464461
56b0a104-b20b-4d56-b70d-2e8b925ad37b_gdc_realn_rehead,46843995,382941,557591,1420324
570f3779-f38b-46f0-a3bb-c8b4e7a97291_gdc_realn_rehead,43791858,495989,320304,741888
5735edb0-5df0-4425-b5db-614e94f1e2db_gdc_realn_rehead,48114428,157059,407441,1234724
57dc603f-e1c0-4fc0-9ed9-76dd5b6f9bd4_gdc_realn_rehead,87764082,747888,865589,2652183
58fb3498-5d7a-458a-a778-d5e0d607f150_gdc_realn_rehead,54640230,650983,576361,861378
59ccaf6f-f899-4df4-9b52-fc7695e38e2b_gdc_realn_rehead,95399449,1146728,385348,3556608
5a18610b-7150-42ec-86c0-6c2fa4c1e96e_gdc_realn_rehead,31662683,145639,296466,749505
5a58a203-4295-49a4-9534-5e5d64ba8072_gdc_realn_rehead,46664447,797625,297594,601903
5a66bb8d-7df6-4655-806d-1451370d27a9_gdc_realn_rehead,76289022,231416,441021,1758435
5ace35cc-50a9-49ec-84fe-dc6476b51b70_gdc_realn_rehead,51968405,1031143,688643,1442744
5ae7f9d8-5f6e-49d7-b534-749406ef219a_gdc_realn_rehead,58397104,431759,466367,1242055
5b8d2548-b32e-4abb-9244-a618b1b2852e_gdc_realn_rehead,74533726,251013,586435,1704489
5d1029d3-bcb8-4e73-9f03-08e612ddb0a1_gdc_realn_rehead,59099507,1175356,206275,546590
5d302c0e-bbc1-4b3e-afa2-40e2b4c3ded4_gdc_realn_rehead,41958766,234418,303810,1311527
5e080558-87c4-435a-adae-4979ac558b71_gdc_realn_rehead,35939493,199834,452236,1221411
5e0d7cfd-bdd0-421a-8356-c3dba1558539_gdc_realn_rehead,98281412,609688,787136,1548258
5e10a745-ce02-4f51-a10d-1d2ff6aa7705_gdc_realn_rehead,59631749,178630,472514,2381206
5f0be065-3b20-46c4-955a-d5999c10de09_gdc_realn_rehead,88467341,1237916,603047,1697256
60efae24-e2d8-416c-ac92-c972c07b9c35_gdc_realn_rehead,85622963,1775684,1147012,1788614
61274c16-dddd-4df9-815a-52bc8fdc2462_gdc_realn_rehead,96895922,35182421,6671550,10443343
61ade99b-6f87-48d1-b094-51237e96a93f_gdc_realn_rehead,51629166,3093903,415419,911199
61e4c92d-c8f5-45f9-a623-5477af66e193_gdc_realn_rehead,64631423,312366,439548,1310005
621a2fb0-0372-4566-b89d-73c31fb9fa15_gdc_realn_rehead,98520343,1568877,735348,4233771
622b8be1-0f2b-42cb-b37b-1f6e1c42cc43_gdc_realn_rehead,57214314,1073610,652538,1284917
629ff0b5-b038-4dca-892b-52d014026bea_gdc_realn_rehead,44563518,1070257,499060,871589
62f1340d-9f29-47dc-8de8-9489b294723f_gdc_realn_rehead,132782735,1176573,933658,12271533
63803549-e417-4bef-b5df-4a4d45525475_gdc_realn_rehead,57958330,285364,504377,2243390
6390b64d-f005-4a35-bceb-21ddbe91ca7b_gdc_realn_rehead,119613596,1259682,1068885,2295857
63a21fb0-97c3-4bad-b9b2-28236484e675_gdc_realn_rehead,61593453,619371,341459,962104
64a3e6a5-00fb-4597-ae40-490f9582e08e_gdc_realn_rehead,32406807,77971,202274,870976
64d942e2-03e9-473e-986f-2b0e0e7efb74_gdc_realn_rehead,82897386,300161,649414,1450178
64e21887-298b-4768-8946-cf8fbfae611c_gdc_realn_rehead,33931559,75532,212921,453624
650f377d-7d3b-4f04-ad9c-000acca77177_gdc_realn_rehead,73860275,1741220,633759,1394611
65839088-5527-4008-9232-142ee8e0e627_gdc_realn_rehead,42474469,86312,330939,697395
65a9eeca-f426-48d7-bbb6-5b8e50c48866_gdc_realn_rehead,67542786,351057,453831,2554606
67295c38-9cc0-4492-b782-05f762173b63_gdc_realn_rehead,84191113,1404898,462688,1744266
67d4b7aa-1d22-4f4b-af8a-40c1cb55585c_gdc_realn_rehead,77784585,731926,956216,2533138
67dd9f18-b0ba-48ef-a01c-cefe2cee9263_gdc_realn_rehead,70573832,766388,653037,1560632
67e0bb40-5006-4c03-839a-8bf3f9383b71_gdc_realn_rehead,38027801,523834,270078,666875
67e31df5-7c79-4f2c-ad71-1a4bc376c728_gdc_realn_rehead,76026912,198311,490512,1155579
683f4b38-7db7-48c9-a092-95ed77020dec_gdc_realn_rehead,47558061,2793756,318654,658886
692d70a3-ee5a-4fb5-a99f-17cd77bb5274_gdc_realn_rehead,30591223,119472,284701,840185
693e7634-9033-4f5e-bd11-bd811bc14643_gdc_realn_rehead,51357640,228029,336726,960417
6a0cd3af-dcb9-484c-b1b3-9775f0d420d6_gdc_realn_rehead,77681916,861528,456912,1082764
6a30bada-db34-45d8-af22-2a185cfc120b_gdc_realn_rehead,81882805,1162733,450027,1175630
6b2a28d5-bd0a-4d50-93e2-eb30e1df63de_gdc_realn_rehead,40215069,133761,148372,550197
6b7dbced-5cd2-47b2-96c8-595f96022294_gdc_realn_rehead,50852717,1758667,382145,1014376
6b81ca60-c91e-447d-8658-d3797422e4c7_gdc_realn_rehead,56044020,247427,453923,1556452
6c329a5f-3866-4cc1-9d5e-a43413d188b5_gdc_realn_rehead,42995027,161378,308616,866653
6cb90565-9ca5-48ee-a258-40ea601c7380_gdc_realn_rehead,91218052,13302328,709826,1326055
6cf978de-3700-4532-812a-ea18e9db99d0_gdc_realn_rehead,54743072,452583,356283,791688
6dc766aa-8f14-45fb-9fda-91c3cad1b887_gdc_realn_rehead,44264683,166429,414266,1938169
6dcb57d4-3e2c-4331-82ac-118c090939c8_gdc_realn_rehead,64837500,812984,577550,2427696
6dd4b73b-402d-40c7-bdf9-88d9e0b884fd_gdc_realn_rehead,132289713,1837746,738444,1664260
6e3dbbf4-ea7c-438f-a944-55adb7c291d5_gdc_realn_rehead,86503838,349113,722691,3866471
6e4ac635-355c-400e-ac34-b1dd2731083c_gdc_realn_rehead,56439457,2432257,683279,1298935
6e627740-aff8-401c-a422-72124ddcc3bb_gdc_realn_rehead,48566585,149648,377206,757350
6e6c5ce6-22d8-415b-bf7e-ebd17aafa134_gdc_realn_rehead,34793749,205952,390324,835294
6e775578-86ad-4eed-a8fc-04e6932fb458_gdc_realn_rehead,61138546,505500,427037,1083900
6e7c601a-fcc9-4900-9fab-9fee704870c0_gdc_realn_rehead,41612565,235990,357329,733917
6ee0d570-56f7-4f3b-b4ef-3b61bcbbd80a_gdc_realn_rehead,121114391,679750,776445,2398123
6fc2c0be-53ca-418f-af9b-0a3a20640519_gdc_realn_rehead,99020946,8741748,1009473,1692689
6fe45113-a972-4513-a09d-7ee22735cc2f_gdc_realn_rehead,47408340,850738,389630,1038330
700b909a-e581-4838-b3c1-b94a6af9094d_gdc_realn_rehead,36923553,92473,177661,561502
7089a19e-1191-43cb-8eb5-e727e3c11568_gdc_realn_rehead,63845949,1456402,531281,1068403
71422d62-6272-4057-a44c-dd1933eaa8b8_gdc_realn_rehead,38424936,155555,305399,987473
71ec6db2-83f0-46c0-bad4-eb6185f424dc_gdc_realn_rehead,41682232,1201789,269327,747827
71f1c38b-f8a7-444c-bd95-4ba50b20b658_gdc_realn_rehead,43884713,111245,347013,615922
7237da0d-6f03-4ad6-ade0-53cdfa9d9d36_gdc_realn_rehead,102089306,1239705,426208,4146986
72554f0b-f5dc-4b2d-9bd4-e8905ea76a97_gdc_realn_rehead,102701714,8956113,727094,1552729
726e24ff-5bc5-4ca4-ba0e-921acd58de55_gdc_realn_rehead,37493718,176568,445581,1045828
733f7529-2a95-4998-9ef6-ee51ee94219b_gdc_realn_rehead,120737468,789916,739472,1758695
7340ec23-6cc9-40cc-928a-5e7ef7aee6d2_gdc_realn_rehead,64778492,476948,495330,1323111
73bb0d91-eaf6-4cc0-bfc5-7d62d7c47c9c_gdc_realn_rehead,54026205,1166296,529143,1236610
7441bfa1-cfbc-4032-b321-73c63e3e03f4_gdc_realn_rehead,82685323,276825,529698,1480924
74be9457-39ce-4029-9076-53b0e57d2067_gdc_realn_rehead,85413274,566011,445724,1573667
74ed9e1a-5263-4d95-8ff9-63e5dc9b91b1_gdc_realn_rehead,72909662,1096284,568631,1455846
7505607d-48c9-43ab-bce8-283ff7d6ce6c_gdc_realn_rehead,46304522,4107058,613366,1280155
7548dffa-bc4a-41f8-aa23-ad733e82706f_gdc_realn_rehead,81595047,324314,496250,1242185
755cf943-64da-48f7-9c92-ebda57d9253a_gdc_realn_rehead,54449436,275040,404526,974870
75f17276-0648-4ecd-9381-82febb3df410_gdc_realn_rehead,60799044,213291,894076,1447591
761d3c86-fe0a-4e2f-a766-bc55f5eb60ca_gdc_realn_rehead,111426215,1457433,716710,1841554
766f3ef2-d1a3-46a8-9881-966e8e2b9b02_gdc_realn_rehead,88952487,3751654,639247,1608165
76a0703a-0540-4ca8-baa8-128a52b0846d_gdc_realn_rehead,64839049,390196,586617,1226201
76a97a0e-a66b-4439-9b16-ea841f882758_gdc_realn_rehead,35182342,62225,318534,1061862
77d538f8-67ac-46df-ae0d-1b5d15aca322_gdc_realn_rehead,97793179,807337,733445,1957769
78c51f79-089a-42e5-acb7-4ba3daef41af_gdc_realn_rehead,90741513,647548,660316,1875277
792a9dd3-28b5-42f5-aa23-e64f47995f9a_gdc_realn_rehead,91860617,311915,877967,4490626
79c5c92d-4f9b-4495-b9ce-957581959297_gdc_realn_rehead,47426894,3049278,580381,1363751
7bf2426a-6731-4065-a201-8bce925a16f6_gdc_realn_rehead,37986670,458492,416321,1162977
7c655f4f-eb75-41be-9aba-69dd050a6dd9_gdc_realn_rehead,99368741,594046,529988,5153659
7e92084b-a836-48c0-8868-5704aae62707_gdc_realn_rehead,101334616,760467,972797,2531046
7f274fba-b331-4f6d-b257-66767f383ca8_gdc_realn_rehead,37420751,181481,311984,851307
7f52e834-0d94-4b6a-8c0d-3648a26c74c7_gdc_realn_rehead,87507577,1908258,513916,1367796
800ca390-3744-4ff0-a06a-24f0f003a956_gdc_realn_rehead,104599508,20809160,491786,1134875
80146f71-c080-4e91-8965-e385428ba930_gdc_realn_rehead,54200657,500811,457566,1077418
80c84645-5441-4a13-9b44-c5d6b4909d93_gdc_realn_rehead,44953367,453597,447795,825583
8119c9fe-3782-4452-b257-e508264b8fd1_gdc_realn_rehead,43500263,146738,785718,1129522
81262d4b-a7e0-41fe-a474-03773d38e05e_gdc_realn_rehead,61053401,251440,378839,1299745
815e2d8c-0ef5-4600-a6fb-d5878a67bee2_gdc_realn_rehead,58815115,835186,986350,2119563
81b1a729-4023-467f-b33c-036c59ca0942_gdc_realn_rehead,66025862,493603,674776,1689882
821336cd-4fc5-4050-8e19-92549c352dce_gdc_realn_rehead,47290939,158331,491147,1398155
8240cbf4-714b-4f3e-8b66-1d54bcf5700c_gdc_realn_rehead,75619420,216103,456435,1181988
824c3b4a-f4ef-4f2c-884b-7775b0c2c577_gdc_realn_rehead,67010332,670323,702344,2234063
829fab3d-092a-48a2-9949-fc3fd625658d_gdc_realn_rehead,48097682,132302,512420,717598
83600741-60b2-459d-b47d-38d532dfe1fc_gdc_realn_rehead,39763032,177912,469084,1063250
841873e1-5f4c-4021-945a-59dd15d96f87_gdc_realn_rehead,36799419,103631,216926,645202
8442e31c-0e0a-4106-8113-d8d648ea5139_gdc_realn_rehead,53174718,2980093,326550,901168
846a989a-1bd0-482f-b093-a34f56557a17_gdc_realn_rehead,65027282,614525,529458,2466929
84bfd434-d3c1-435c-a185-f30ad364b69e_gdc_realn_rehead,77471188,437120,638498,1807128
853f1e79-a859-434a-af7f-7aca87834957_gdc_realn_rehead,45008984,137529,323567,904422
8552374a-12c5-4454-9ced-93fe870ecf08_gdc_realn_rehead,96134993,761195,1180231,2674905
867a69db-f274-40e5-9545-6c40400031be_gdc_realn_rehead,30942454,94621,157752,490352
86b579b8-0ae6-4497-abd6-96920e08f7eb_gdc_realn_rehead,109193520,1288340,482418,1834053
8835a464-dcad-469a-8534-0e4c16db92ad_gdc_realn_rehead,82149007,765879,673397,1860011
884116a9-378a-4513-b4ce-494e8cf64636_gdc_realn_rehead,55788334,3160737,816409,1365358
8885eb17-5ec1-49c2-aa4e-01c7750f7560_gdc_realn_rehead,51649235,260414,462484,1332948
890fb8b9-b15e-4131-9b35-4b6244999caa_gdc_realn_rehead,44020434,225043,272408,575856
891f2aa5-9a6c-4179-b92f-67a934c073f0_gdc_realn_rehead,39657097,119488,293831,608753
89b85540-2c4d-4f9a-8ca1-f5f4d96485f2_gdc_realn_rehead,34449699,2434326,211955,619786
89ec7b58-b42c-45fb-a42f-52a86370d49a_gdc_realn_rehead,39136598,144492,403609,1598658
8a036b15-e79e-4e26-8700-cc6ff96ae01f_gdc_realn_rehead,80662373,1003094,475899,1187078
8a3e0f0a-4f0e-4f0f-8b3e-9fceba7b5f5f_gdc_realn_rehead,84754133,431702,990321,2936505
8aa57653-1e89-444f-82d1-288c5561fbbe_gdc_realn_rehead,49317373,274702,339019,813563
8acd9f3f-b203-4c9e-b374-326e3566b170_gdc_realn_rehead,64408655,648323,480640,2635928
8b67d447-c961-4a6f-abcb-efec920b9066_gdc_realn_rehead,36711862,126081,234605,762884
8cbf17cb-67ca-492f-82be-e749ad6a4b98_gdc_realn_rehead,41141187,641030,341638,680941
8cda7f9e-1950-431c-ad11-d9f7a106deb7_gdc_realn_rehead,80366809,3994034,541470,1245385
8dd74a0e-e86f-472c-952d-c4fab0c679fc_gdc_realn_rehead,96644258,1055721,503622,1893275
8e370fa8-00d4-4986-b905-a507517ce6d8_gdc_realn_rehead,134672517,1325651,912575,2491438
8f2741bc-e876-4acb-ab86-b90e88330644_gdc_realn_rehead,40121761,190511,429979,730285
8ffe8020-a408-4007-ab84-5883149e36c4_gdc_realn_rehead,38336550,1241702,559405,944823
90233afc-bc3f-450e-a96c-6f5b754d2749_gdc_realn_rehead,48204783,222676,483374,1513593
911906da-bdde-44bd-9a53-0c676959a8f4_gdc_realn_rehead,55417381,359645,374072,1901636
914d96ca-bf62-4023-b536-f6527f7af929_gdc_realn_rehead,77318127,1101767,494291,2556201
9156b800-c9f6-494f-a832-66907ebf5a42_gdc_realn_rehead,85492075,1432044,568684,1218813
917a6ffc-9078-487d-b0fb-99708819a6e3_gdc_realn_rehead,48140473,166700,292103,884014
9233b447-8b45-4a8b-b500-1c40459d4c38_gdc_realn_rehead,45406142,123090,295697,931655
923cf96c-4818-443e-848c-d37831c7600b_gdc_realn_rehead,94943937,570739,768947,1535013
92d91508-7894-4d4d-b51e-748c367835ec_gdc_realn_rehead,40047528,575645,425225,1329059
9308cfb3-1931-4e3e-92ff-efba26874029_gdc_realn_rehead,70307168,501449,603260,1491796
932760c0-da82-4c5e-9ded-a16d66ab901f_gdc_realn_rehead,44255754,143018,381366,1400321
93387379-19eb-49d9-8bd8-b788bc34f146_gdc_realn_rehead,50745544,1337671,334175,792206
93698f1f-65e2-49d6-bc2a-1f7b720e4a35_gdc_realn_rehead,35393960,238783,321682,929691
951e0b63-e11e-4a2c-8ca3-539e57edf021_gdc_realn_rehead,36124637,768657,274454,554135
953f2f07-f163-43c9-9762-112d07533f4e_gdc_realn_rehead,56531765,466069,312539,996784
95426575-1918-4dcb-839a-5399bf441b71_gdc_realn_rehead,82797644,780942,740946,2507152
964e7cc2-be12-46c0-9a48-9d680c3b45f2_gdc_realn_rehead,35964656,265064,369760,810139
9689e655-bfe7-4a5d-820d-e10550568e18_gdc_realn_rehead,53962316,311523,525708,2651830
96c55f10-fe83-4c4a-96ca-9884249e1c5d_gdc_realn_rehead,74954712,437571,559655,1427680
97213ae3-3d55-4d5c-9ab7-aaedb58adf91_gdc_realn_rehead,78125321,867501,619551,1661712
97ccb4e0-a0b0-4541-88f9-af010324ab7e_gdc_realn_rehead,31871021,104639,255124,807866
98114139-5bc5-44a9-b2ce-c69093a1dff1_gdc_realn_rehead,39245494,617139,342372,829617
9887451c-e87f-4fac-b552-bf9c31ad8a07_gdc_realn_rehead,94982729,561960,394064,3766690
98b20326-22f4-49f1-90b1-9fdde8d1bc51_gdc_realn_rehead,35580632,193612,231431,706034
98de92bf-93b2-4d62-b097-d96c2fcd6f97_gdc_realn_rehead,57133936,732694,403142,1101475
9ab58d05-8930-4a78-b233-1200279ffc55_gdc_realn_rehead,71343922,344119,842008,2196541
9abb3170-120c-4724-84db-664aabd17898_gdc_realn_rehead,85389432,585579,465323,1589718
9ada9975-6670-40c2-9073-05e75d45bc21_gdc_realn_rehead,88843928,1393234,719839,1865110
9b219189-feb7-42a2-81fd-c35fef0bb8db_gdc_realn_rehead,40942512,1182066,365744,671233
9b83c397-a996-4787-8341-710bb990ca45_gdc_realn_rehead,28807671,326404,296480,921758
9b96860f-7717-46b3-8ab7-2f7d9796c1d4_gdc_realn_rehead,107028975,44856364,571560,1200073
9c6a2c74-187d-42e2-bcc1-44d26364215d_gdc_realn_rehead,68075554,638837,682728,2699724
9cd22571-db06-4af5-864f-0628af4d3dbd_gdc_realn_rehead,31900834,118689,287994,676645
9d3f9112-751d-4cdd-8cd6-bbe1bb315955_gdc_realn_rehead,56313577,234449,603293,2621045
9d428beb-c46f-4adf-8be2-d6e77851c7e7_gdc_realn_rehead,99108900,1005086,571752,2028740
9d722140-b468-459b-a786-cd7646b56cbb_gdc_realn_rehead,50701278,371037,720304,3053642
9e7fd6f2-ff53-4bda-aeac-2acddcfbf37d_gdc_realn_rehead,88010767,246672,987428,2452829
9edef544-8bc3-4a4a-adba-36223de21586_gdc_realn_rehead,60259808,3202234,403512,831271
9f760775-9d20-4973-a849-a807f568e525_gdc_realn_rehead,66070686,785686,565193,1497199
9f809399-b8bf-4a21-a703-14464e6594eb_gdc_realn_rehead,44769336,121883,282289,844197
9f87923d-0659-4df8-9676-38aded7de3eb_gdc_realn_rehead,40653683,165543,350005,862807
9f899358-c9ba-47a2-a264-7915d772dc81_gdc_realn_rehead,82144140,461429,376668,1727319
a0793d91-afe3-4f62-b425-3a6f94f92ed9_gdc_realn_rehead,76320869,273175,595123,1313453
a09082f9-bad5-4f1c-a398-88baf7401bad_gdc_realn_rehead,66120504,522817,423228,1295016
a1b7941c-ce5c-4c52-99fa-be6865291240_gdc_realn_rehead,50231928,1244309,356528,950199
a39f7ad4-bfeb-45ca-bf5c-23c6ff1f0d7a_gdc_realn_rehead,36362698,229827,261047,716664
a4315a1f-9285-4dad-bad4-13c6d1f12516_gdc_realn_rehead,80591200,695029,626544,1582223
a4a5c7e9-c536-4e87-b337-eb5a003ba9fe_gdc_realn_rehead,35352872,578500,319231,923375
a4d99f39-4f7a-4cbe-ad25-7b6c25b8e6a1_gdc_realn_rehead,72254521,503160,612338,1769991
a53b56fb-04c3-402c-9236-0bdbd80da2b8_gdc_realn_rehead,54581476,238618,430922,994895
a54c5d55-6974-4261-bf32-b41ee24605d9_gdc_realn_rehead,99801991,895296,546010,1821533
a599d37f-d90f-44a3-b336-d60ebc12665d_gdc_realn_rehead,71884948,617765,676173,2615316
a5e9d1ee-2e45-4f48-b50d-11f118fc25a2_gdc_realn_rehead,42182177,247392,248690,643383
a6292387-ee50-4b41-9e8f-e77107d74a27_gdc_realn_rehead,119352608,800065,924642,2211275
a6fce128-efab-417a-813e-77c5c4ed49dc_gdc_realn_rehead,45581766,179445,269484,779301
a7849c6c-939a-403c-91d4-948dff40c78a_gdc_realn_rehead,58648097,581685,515002,2500245
a8d44728-8193-4fe6-adcc-fe792481fec7_gdc_realn_rehead,84062120,390647,641771,1599884
a9080a2d-bb8a-4632-b18e-f833384425b7_gdc_realn_rehead,70056063,376068,711317,2236995
a9fa477c-8299-41e4-aa5d-e0ae6801a201_gdc_realn_rehead,99510401,617989,811803,1499516
aa44f578-7400-4ef8-b1b0-8c369bfda870_gdc_realn_rehead,110854310,700377,899757,2931759
aaf852e9-65a1-415a-88c1-0c40e0dadf18_gdc_realn_rehead,112021765,1253070,1033358,2797985
ab0357e0-fabc-4639-afde-ce44a2ba835f_gdc_realn_rehead,126669362,1006579,1605034,4379992
ac3c9707-fb5f-472b-8c05-43ef473f2cf9_gdc_realn_rehead,118855528,727112,819037,2220897
ac4b4447-432f-4b81-9abc-dff196dd48be_gdc_realn_rehead,59138631,328294,1129543,2113937
ac545a99-b3ab-4917-836b-031903d738d3_gdc_realn_rehead,50849300,247758,435502,1066826
ac930f2b-fa81-4cde-96f2-78484b647696_gdc_realn_rehead,63759548,3405620,584605,960523
ad637a0e-cf79-4abf-b91d-4e3f578149c7_gdc_realn_rehead,48536002,802397,430996,1084207
ad779f07-1d5e-4720-be52-4d031146349f_gdc_realn_rehead,53697041,1343475,1051482,1502069
ada0db16-af3b-43ce-97e0-ffd75e7fcd66_gdc_realn_rehead,67195518,182452,663363,1576057
ada7d989-08c8-4639-8298-e0ff3788b030_gdc_realn_rehead,49877671,1280317,397534,735071
af2719bb-3eb8-4d96-add9-3f44ca91e6ae_gdc_realn_rehead,117332554,1717880,867590,1904006
af288cac-29cd-4451-8d3f-6a32fc3e6ab5_gdc_realn_rehead,55797251,263108,469999,1058578
af360a37-2759-449e-b087-853022490864_gdc_realn_rehead,63756225,588829,648173,1702026
af6c4fb2-34da-4cbb-b72f-69f4de426ced_gdc_realn_rehead,56019118,1267722,462806,1110760
af946380-8cb3-4066-a814-93dbe06182aa_gdc_realn_rehead,52241489,313786,321351,870578
b04cbefe-48d2-40ca-9230-18566adbe9ee_gdc_realn_rehead,50159345,328240,320770,775915
b068f692-cfa5-4af2-afca-25effe6d78bf_gdc_realn_rehead,105727980,365658,701874,1629145
b06d1e8a-4083-4619-8f19-14bb5250b8bf_gdc_realn_rehead,44701233,394590,349877,867935
b172cf09-d25d-4865-8acb-866770e3f0d9_gdc_realn_rehead,93006992,616148,686026,1426858
b2b94908-945e-4a92-add4-e658d5a675f9_gdc_realn_rehead,57944089,385805,496010,1046546
b2eab631-2e3e-4b65-87fc-a2592b464e45_gdc_realn_rehead,54571447,147124,328818,1299665
b377ece0-2aa1-47e9-bfe2-bdf45772e5d3_gdc_realn_rehead,74684333,290483,1287843,2634905
b4338016-9ea2-4923-9cf4-64fccafa3fc3_gdc_realn_rehead,53480216,284014,507557,1580740
b437694e-67b5-4bb6-a285-1bc78e52dfa0_gdc_realn_rehead,60870270,272600,797307,1458536
b4af3d29-7cf7-469b-aab5-a5a3756b86ab_gdc_realn_rehead,42015258,2593234,274621,742943
b4b4f1c0-619b-4be7-b12d-7a75964145a9_gdc_realn_rehead,58930870,964461,355730,1072894
b4f01540-6a25-4ef6-8903-d74d639b1a2c_gdc_realn_rehead,63542606,390155,432722,2411419
b551a3be-3e32-4ae7-823e-0f4753da8965_gdc_realn_rehead,36379362,165354,456086,904464
b6c7b112-81cb-4ae6-b604-1564eabc7aec_gdc_realn_rehead,94838855,2649257,705881,1330212
b7153e44-127c-43c2-a5ab-2f5974d16d48_gdc_realn_rehead,50000857,208627,598699,1414093
b77fa2a0-902b-4a38-9944-83d956a4969b_gdc_realn_rehead,126973881,1532464,1164255,3193609
b79a9278-cdfb-429b-8439-f78b61b2a463_gdc_realn_rehead,38639458,77398,225473,964843
b7b8be68-e8b7-44bd-90af-e4ac937c6099_gdc_realn_rehead,55791091,323911,329515,1581217
b7e85d12-23f5-4be5-aafb-c4706eae58e7_gdc_realn_rehead,88554800,812473,599314,3861733
b8904881-f41a-4e7b-9b16-7364f4392c29_gdc_realn_rehead,43110380,223849,336272,775716
b91daf0b-045f-48b9-8323-705e23db9ef8_gdc_realn_rehead,44310450,389993,394246,954022
b95bf0a9-afca-47c5-9f48-f7de055e21bc_gdc_realn_rehead,99601586,493591,646716,1506767
b9cc9fa8-a779-4737-ae96-d045be1a83c9_gdc_realn_rehead,47176461,1308379,655527,1195975
ba3418e3-a846-47e1-8eb4-e71f17277dad_gdc_realn_rehead,25312598,203128,247176,604817
ba5834b9-26c7-4be4-bc36-c6483dfd73de_gdc_realn_rehead,56644413,390313,560447,2788779
babc500d-32ca-4140-a0b8-0b6026d7a184_gdc_realn_rehead,46328868,197111,287355,531000
bc09c87b-2952-412e-a097-7e6fa6773f9f_gdc_realn_rehead,52977600,1052651,306893,945187
bcaf7e2c-5a20-4ac8-95f4-7a4d985d6b00_gdc_realn_rehead,72185449,526256,612071,2082837
bcc8e80a-c06c-4a1a-b308-9957fc3ca5d4_gdc_realn_rehead,64223223,401279,359988,1116491
bd743bbb-643e-4598-9cc1-76b335728875_gdc_realn_rehead,46810411,266384,410452,1096639
be086d64-2023-4de5-b300-798b05b296fc_gdc_realn_rehead,36482319,95197,407588,446276
be1802ce-9656-4628-8b4d-725cf33b9177_gdc_realn_rehead,108676929,1017636,757524,1669214
bf0af5cc-bc1c-4d6f-bd02-b47e61d98340_gdc_realn_rehead,38841269,657424,264138,604450
bf42e41f-19ac-40c7-abde-ee23378f4606_gdc_realn_rehead,115432912,3667784,1777329,3205859
c0994e02-1842-4736-a010-78275693e2ab_gdc_realn_rehead,100661899,686735,922341,1837285
c09dfd1e-73dd-467e-819a-f3ecb74ada72_gdc_realn_rehead,49301886,997375,353782,988800
c0c2b41b-a1ab-4807-8884-031bcf0f2d78_gdc_realn_rehead,94725793,1475552,736664,1715600
c0ea0338-0bfb-4efa-a782-1c8b64b497b9_gdc_realn_rehead,83528249,551365,579799,1589503
c1c5ced4-6edd-49fb-aa3e-39fb4fcb160a_gdc_realn_rehead,88454968,401128,518313,1276833
c2555505-efaf-47e8-aa78-7a66231fe7d3_gdc_realn_rehead,102119575,854311,662226,2199610
c292261b-d8e9-4245-936a-884d0c5f2544_gdc_realn_rehead,98861500,682186,836201,2092084
c3210016-4c75-4266-89df-ff09a7cc0f81_gdc_realn_rehead,105189505,42611169,572548,929954
c3eb5df6-2a9d-4a29-b59e-f61957650342_gdc_realn_rehead,38722424,219737,419431,617749
c4136b84-6002-46f2-ad53-6357680c46c4_gdc_realn_rehead,34211567,125580,203906,779016
c4ad66f0-aeaa-4403-83f2-9de01fbdf121_gdc_realn_rehead,61293499,452268,467335,1417365
c53a091b-d7e6-4dbb-9fb1-b79798e3be40_gdc_realn_rehead,61919933,461606,550823,1069100
c60209c8-100c-49b0-b218-b587d8c160d4_gdc_realn_rehead,51624093,286369,305656,993048
c6173474-4555-47b3-8e79-08b77529d305_gdc_realn_rehead,49634007,340874,555892,1388956
c62f1332-cebf-46a8-a448-a5b8e9882076_gdc_realn_rehead,64277900,293282,559046,1874788
c647c365-4730-45de-8fec-2e4b4210a25a_gdc_realn_rehead,55888061,333183,426343,753223
c662eb1e-d0f9-4e36-b07a-1464ba06ff99_gdc_realn_rehead,78441934,2587360,872338,1821559
c6ce140f-895e-4384-8a91-d359f192b805_gdc_realn_rehead,56159806,160186,318288,887749
c6edc4ab-9844-45e2-8f04-e66c7280329b_gdc_realn_rehead,37613146,188762,317975,994785
c6fef9a2-3a47-4e2f-abf8-47a8eabaed17_gdc_realn_rehead,119151862,631451,791089,2614586
c704a41c-b658-40bd-82ee-f417a8860d4a_gdc_realn_rehead,36792044,134117,319279,1111292
c724c63a-bd1c-4c3a-bb6e-a45851bc1cff_gdc_realn_rehead,41702942,217588,432918,909301
c739403e-b979-448f-87d5-eaef6b7cc829_gdc_realn_rehead,102037172,1412123,744724,1592295
c79b1fee-717f-4bda-a7ce-79fa09f704e3_gdc_realn_rehead,39628918,123351,257701,960379
c7db9199-aa72-49b6-824a-4513d49bf40b_gdc_realn_rehead,43298260,229384,486266,980073
c8a86902-3b21-4dd8-afca-231838fafbcb_gdc_realn_rehead,38275734,173336,498665,1066171
c9ac23a7-7132-4a77-b0b4-02421392b007_gdc_realn_rehead,122799382,1146385,756423,2348759
ca97ca14-28e1-45d3-b1b4-3976528c87d3_gdc_realn_rehead,95379747,288974,845880,2333485
cbabb77b-4b76-470f-9954-93cad1dcc648_gdc_realn_rehead,82063790,1887521,965028,1785960
cbde09af-ba6c-4271-ad17-cd8eba0953da_gdc_realn_rehead,34472891,103492,330666,805732
cbff9d45-b584-436a-8eb5-105282b7e108_gdc_realn_rehead,40199336,183126,293144,810933
cc3ad632-c9d1-4d39-a88e-d96e16546502_gdc_realn_rehead,36229291,166834,221244,533736
cc9f53c7-cccd-4b31-8c6e-703f38f52793_gdc_realn_rehead,70081078,894643,894011,1633161
ccbc3839-3872-4593-8470-0d2fafef8b43_gdc_realn_rehead,108059455,1861680,829018,2232256
ce808b0c-3489-40a1-bd93-6560a86eadf9_gdc_realn_rehead,90509352,951496,580424,1557316
cf295bbd-412b-4069-8b65-5e2aeafa5860_gdc_realn_rehead,58410270,328233,368742,764003
cf848204-ab90-43d5-b51a-636e2ea53251_gdc_realn_rehead,65034130,379943,586134,1925708
cfa6da64-1aaf-4768-b0e2-441f107b20b5_gdc_realn_rehead,29769702,42267,203606,628250
cfb9de97-4c33-4dc1-a215-eada38f46002_gdc_realn_rehead,36907708,84270,195212,713329
d036c11a-07b9-4ce3-b864-e6162006b99f_gdc_realn_rehead,79044745,865354,548626,1513881
d04d83a4-fbe1-4b6a-a48d-2950394a67bb_gdc_realn_rehead,65535022,3314872,482691,1319982
d0979620-999f-44c7-9e8b-44548f7927ef_gdc_realn_rehead,36363025,49837,188489,817227
d0a10942-3ebe-4702-8a98-49be26383c1d_gdc_realn_rehead,44692752,1539617,352022,703551
d183f094-597f-496e-abf4-8f77f0a66803_gdc_realn_rehead,109908841,1841888,962287,2264837
d1ca3c75-618e-4bb8-ba23-d6fb5c6ed498_gdc_realn_rehead,103280852,1302562,874782,2159931
d200955d-d630-4f29-9751-49b426799910_gdc_realn_rehead,56876898,179095,302207,649063
d21f8c84-d0e2-421e-bcb8-5235fc94e8b0_gdc_realn_rehead,56443485,340731,538389,1462641
d3122e5e-854d-42be-a486-35f34cf21375_gdc_realn_rehead,97291500,3830210,729088,2184084
d31d667b-4a5a-4e59-87fb-cc7503d52fd1_gdc_realn_rehead,24146547,127213,180861,970069
d3467666-fc2e-41f7-95d2-215c7e36c715_gdc_realn_rehead,52014624,155727,495757,1173588
d36f19ee-d391-42b2-a07e-c5cdd8ff825a_gdc_realn_rehead,54755286,686582,1173494,1252418
d3ff4a36-36de-43c1-a69b-0f28349ffedd_gdc_realn_rehead,42295529,270950,377314,895421
d42a6fe0-8988-43ec-93fb-eec85f3dfd62_gdc_realn_rehead,123509535,2175571,4216533,117495
d4da4d75-2b9d-4452-a759-fc1b95424d1a_gdc_realn_rehead,48310090,879093,448817,3403542
d58dcefa-3885-4908-a31d-f3ec29731b89_gdc_realn_rehead,48857055,1554276,256807,603451
d695f549-ae64-4250-bc73-0797ae12dbb9_gdc_realn_rehead,55945117,350360,407888,1048596
d6fd59c2-67e4-4210-b767-49a70081e088_gdc_realn_rehead,92674931,398377,867437,1351303
d7e713bb-dfc3-44d4-bef8-0cea378021f3_gdc_realn_rehead,103185050,936980,545310,1685268
d8183508-e323-4a1f-ac65-4b89c848247f_gdc_realn_rehead,32741904,251485,309417,801049
d8a50613-18b9-4b66-bbb2-2e602181e159_gdc_realn_rehead,46058581,465370,487180,1040592
d8bf6c8b-b1ef-4bd2-80dd-4942a92004ff_gdc_realn_rehead,98132112,1074054,632689,1545012
d908f378-a7f0-4f06-8e44-1da223489b11_gdc_realn_rehead,56143916,293048,734249,1427176
d9108047-f316-4592-ae17-21e3f814f430_gdc_realn_rehead,49842842,222872,323629,934848
db070141-5d9d-448c-9f97-a0737762c9c2_gdc_realn_rehead,35468315,88874,216083,777338
db5ec268-8a17-42af-98c9-b9101ba35b4e_gdc_realn_rehead,66973721,390865,567146,1675923
dbfa3bd7-1875-4d2f-9ff2-3c44e7f00a63_gdc_realn_rehead,47564224,302254,313312,758849
dc959928-cf3f-4086-b677-6781aabcd9cf_gdc_realn_rehead,57627892,333989,273236,740725
dd5bc467-74b5-4e1f-95f5-0a7ce776d5d8_gdc_realn_rehead,63811479,354089,432050,1309167
ddd400df-3376-447a-859b-7415a679eb46_gdc_realn_rehead,29769681,177942,226108,464736
de162e91-f450-4632-8779-d24839cd7769_gdc_realn_rehead,32142591,146559,318832,844131
de1a0b2a-4889-4f85-97de-f76b326810be_gdc_realn_rehead,37356022,81196,293957,671577
de224e71-2a83-4a83-b224-5d2f5e2634d6_gdc_realn_rehead,120012510,1646360,1384964,3188427
de3be65f-e5f2-4cd1-8617-c8ca750d26c6_gdc_realn_rehead,76448141,226685,562833,2476487
df2b8be0-d350-4040-b7e0-3010af884088_gdc_realn_rehead,91718468,587574,598428,1686232
df3bbe0f-5c32-4a81-9826-95ddf6c023d9_gdc_realn_rehead,87451727,1398383,524531,1532205
df834a10-2831-4dc4-b627-393d25f3b802_gdc_realn_rehead,64529692,2025561,677908,1292928
df879d51-77e7-4e0e-a971-fee30a730693_gdc_realn_rehead,62323977,597384,410962,1243268
e0b53534-5cb2-47aa-9307-038b5774047f_gdc_realn_rehead,84248231,283214,708411,1253747
e1401cdb-f005-41c9-b6bc-4d0f16b9fe0a_gdc_realn_rehead,67837670,675215,439077,1220516
e2719657-ea1e-4320-8ddf-71d6d38edc59_gdc_realn_rehead,85855440,896969,819284,2039255
e3a8f442-5157-4153-8ca1-9dfb11b8992c_gdc_realn_rehead,97642435,2644772,965222,1153851
e3c8680d-9811-46f6-ad67-fcbe90a7643c_gdc_realn_rehead,56541442,1229563,540918,1684961
e3d8e66a-e824-4cd9-8286-82ea6e89c61b_gdc_realn_rehead,36590987,253967,327276,818071
e43a9fd6-972b-47a1-9980-3a48d6c319cc_gdc_realn_rehead,40684587,126068,269625,747156
e442424c-d90a-4590-9ec3-ab277915ebe8_gdc_realn_rehead,97149150,1290074,782455,1650358
e4772ebe-e255-414a-9a45-c8cb8da4cf3e_gdc_realn_rehead,79771497,1243820,798107,2097808
e4d6bbe2-27f8-4e94-bc61-d1461699b303_gdc_realn_rehead,30741428,196091,299707,754117
e517a5a8-7e15-4a0d-a9ad-8043e9e219ed_gdc_realn_rehead,91146464,346892,668236,1565082
e5202865-61df-41d8-8b86-214f9c31dee9_gdc_realn_rehead,100215909,366980,1010693,5756739
e520ef9a-1809-4173-8ecb-5d27ce34e289_gdc_realn_rehead,80525468,1416487,498940,1145207
e5a46b37-23a4-4314-bf69-0bc355587db8_gdc_realn_rehead,39740653,101529,380198,1133448
e61b8a2e-0004-4dec-ac69-8a6f1bd91267_gdc_realn_rehead,42324548,167671,348762,1191954
e6546ed1-a2ce-4e0d-bc91-4d8eafafd320_gdc_realn_rehead,66498922,316569,708984,1239970
e66bf758-e262-41f7-8493-7b0e1816fd7d_gdc_realn_rehead,98496064,15630640,488025,1373580
e766131f-2121-476e-bf3a-d672727305d8_gdc_realn_rehead,30945976,426230,475024,1033844
e7a13a3e-e7d4-460b-a3ed-3743c53539e8_gdc_realn_rehead,58395960,550130,530728,1238591
e83ffc55-add9-4950-9bc4-d6b096b41b85_gdc_realn_rehead,79640305,741545,433915,1947657
e8a61b15-385b-4315-8186-d5861329d1af_gdc_realn_rehead,34558178,95035,276712,768566
e958ee07-138e-4a6d-a636-162fb43415f7_gdc_realn_rehead,59976607,322524,474359,2333805
e97040ce-2652-417b-986c-d7955b149486_gdc_realn_rehead,114623355,2151763,916442,2552087
eb1730cb-d70f-42c0-baff-9c184624fafe_gdc_realn_rehead,36817974,159033,251649,660271
ebc14cb5-9fc1-4e53-9bcd-12f7cd8abd5b_gdc_realn_rehead,120213489,1825793,916314,2316727
ebc9000d-cd65-4bef-9970-05ac2765c635_gdc_realn_rehead,95098694,14556325,730489,1448716
ebf6d5b9-6359-46d9-9e73-066a15b5f903_gdc_realn_rehead,86699249,441151,507044,1551850
ec1f4523-1e3c-40ea-b1ca-9c8d45c4b2f1_gdc_realn_rehead,112853829,1425166,614728,1976567
ec3083b6-01bf-4786-b497-6386cf8c8c2f_gdc_realn_rehead,56773207,246112,433951,1347560
ec45c6b7-4f9d-4ed0-88c5-e299bb080796_gdc_realn_rehead,44683190,144182,251597,665168
ed62afa2-3aba-4145-87cf-81fd83995bcc_gdc_realn_rehead,78622803,876688,639526,1647981
ed7cb4ed-535d-4a6a-b69f-f32e36a70bfa_gdc_realn_rehead,82996389,783899,325070,3402795
ede95e93-3dbc-4466-a13b-3760fdac6725_gdc_realn_rehead,79185007,2130333,545416,1501814
edec2c3f-f55f-49f8-aef2-06a59b916223_gdc_realn_rehead,107057400,845933,1162002,2576497
edf8425b-8f0e-46d0-9414-c3c34bdd1825_gdc_realn_rehead,82393411,905225,299340,2768272
eea9c3ca-f66c-471e-8de8-b13af4bc3035_gdc_realn_rehead,58348930,198758,999169,3129264
ef02f153-1aa1-443b-a2ec-acfb0d4df642_gdc_realn_rehead,77878100,293860,555235,1285596
ef7f7b28-be50-473c-8ef2-024df14ab9db_gdc_realn_rehead,36434750,359189,318884,777965
ef83997e-5078-41b9-88bb-c8a7797de7b9_gdc_realn_rehead,58170410,928564,445059,1630491
efdefcf1-058e-4a6f-94f7-025281072a57_gdc_realn_rehead,39219684,118635,532967,796162
f0230c35-06f0-4ef2-ad92-cdead9cd3612_gdc_realn_rehead,39096832,2870360,425668,882654
f0834293-e53f-4da7-98d2-58c8c806ece4_gdc_realn_rehead,88625154,331868,553172,1864567
f09dc623-3571-49dd-a03c-39d2339bee6b_gdc_realn_rehead,105682279,784133,1295980,2837995
f1e561b4-5885-4237-aad3-b8d3086a4a91_gdc_realn_rehead,89773819,1183605,529053,1677258
f2d675c9-7f81-4316-ab53-32603e23cef2_gdc_realn_rehead,50064343,245016,427747,1161164
f30a90f0-d618-4203-84ec-1a541c937422_gdc_realn_rehead,37839309,148812,326364,956087
f352439c-7abf-4d58-8cd2-d2f8293e01b8_gdc_realn_rehead,56088590,370144,810691,3793399
f3b4ecc6-9529-4e99-8c82-097c79cdb18d_gdc_realn_rehead,34243316,95822,261522,754948
f493fc9c-abd8-4623-b03b-6300c13a3198_gdc_realn_rehead,53208510,293417,483330,1437662
f4f6d8c0-a78d-4ee1-93e1-48a8c9d23cb4_gdc_realn_rehead,69148522,602295,538619,2799783
f506727a-caaa-47e2-9743-aa6a695d85f4_gdc_realn_rehead,42852092,189425,337478,1078241
f51b0451-6e87-478f-be27-e435716baa58_gdc_realn_rehead,74844705,544485,536686,1425512
f65f08cc-70e8-4ff0-b96f-2105c8e9e3b5_gdc_realn_rehead,35267143,144964,180058,529491
f6964ff1-86fc-4c15-9c8a-6483e730d6ca_gdc_realn_rehead,55257445,1289495,379019,1146416
f6ad3404-02e4-43cf-9635-53194a0ce6eb_gdc_realn_rehead,38728247,184170,358621,677602
f6bbc724-a65b-4dff-bf3f-8860c8f3f6c0_gdc_realn_rehead,101711316,1350702,815208,2381633
f7f51052-0994-49aa-b55a-f84b21429e80_gdc_realn_rehead,99773397,17467138,465221,1214134
f80010ab-f72c-4bca-864d-e36fef38d2f6_gdc_realn_rehead,71082449,520199,349286,922825
f961d2bf-a79d-424e-bdde-b61be23a812d_gdc_realn_rehead,136132651,977448,1215357,3548950
f9b76a95-3662-4d4f-af06-0c2c270934fe_gdc_realn_rehead,50879923,299908,495709,1102032
fa48365f-fe1b-44e6-94fc-c52b8a1ed7a0_gdc_realn_rehead,55476456,344152,733504,1867284
fa7246ef-c9ef-4494-9a5c-31b6eb90e802_gdc_realn_rehead,40344450,310037,500206,3878093
fa78346e-fefc-402c-90ed-9eb47b7535c9_gdc_realn_rehead,49450661,215474,378966,1655814
fa873c9a-307c-4648-bc8e-7f378cba203b_gdc_realn_rehead,60587970,304162,613046,1612019
faa037d3-17a1-4fc7-a97d-b1cc7939b63a_gdc_realn_rehead,41673457,938378,258421,599774
fab69797-095e-43b5-bb4f-1352f189b74b_gdc_realn_rehead,85711482,797802,647394,1807131
fb0ea13e-3101-49ea-a6c7-16bd08e1f4e7_gdc_realn_rehead,101594063,861688,786439,2342400
fb58711e-3506-44e3-b668-e69a823a2f81_gdc_realn_rehead,48435732,118213,432913,1121048
fb891a85-37cc-4dd6-a809-7a0ebbb9ad62_gdc_realn_rehead,29385152,289705,232304,784850
fb9ed024-85f7-4d1d-95a1-fc8dd94b9fd7_gdc_realn_rehead,102308714,1094385,849240,2485826
fc1eb4dd-f37e-4083-81cf-1f66df5d9e35_gdc_realn_rehead,48769828,331628,730490,626983
fc54ebaf-5f7e-4f81-964d-832b771fec36_gdc_realn_rehead,106747651,1156828,599000,1500136
fcbdf83c-a4a2-4af4-ab23-8d7371516786_gdc_realn_rehead,99756458,604154,609737,1348634
fd115281-11b4-40c6-8630-302d801c1a2b_gdc_realn_rehead,68773079,1197402,394412,1111928
fd89981a-e0ad-425b-a456-60edba4bd7a5_gdc_realn_rehead,40812452,362705,480478,4465307
fed55b2d-2c04-4a5b-b714-38962c061f72_gdc_realn_rehead,82307856,1403021,888433,2033657
ff2933b8-ae30-4496-9c79-3a99c10961a2_gdc_realn_rehead,101194023,1170396,799964,2956085
ff339b43-5721-4531-a826-e6f3fec3eda5_gdc_realn_rehead,31907942,40007,190256,767066
ff66bffd-adb7-4988-b1b9-fee069234eff_gdc_realn_rehead,61989421,485379,559894,1208596
ffcb5ac6-a396-4fae-a4f5-08760f13e96c_gdc_realn_rehead,30348550,264608,256710,612959
ffd63a6c-92e0-44cd-a6d4-a0cd86b59209_gdc_realn_rehead,132787331,2525713,1272633,2274528
