sample,nIGH,nIGK,nIGL,nTCRA,nTCRB,nTCRD,nTCRG, loadIGH,loadIGK,loadIGL,loadTCRA,loadTCRB,loadTCRD,loadTCRG,alphaIGH,alphaIGK,alphaIGL,alphaTCRA,alphaTCRB,alphaTCRD,alphaTCRG
005301a4-1151-4421-9c73-961a7b628b63_gdc_realn_rehead,3,2,0,17,0,0,0,35,4,0,304,0,0,0,0.6959780537443848,0.6931471805599453,0,1.1331600928300771,0,0,0
01d7c202-af14-4720-92ad-6c9ab5273e5b_gdc_realn_rehead,1,0,0,3,0,0,0,3,0,0,38,0,0,0,-0.0,0,0,0.8392695557891106,0,0,0
02b776d9-d5eb-4b34-9854-82d4cfae4751_gdc_realn_rehead,1,3,0,10,0,1,0,6,32,0,247,0,6,0,-0.0,0.65619279201862,0,1.453932245033319,0,-0.0,0
0330e749-318e-4de9-9c99-1443594b6360_gdc_realn_rehead,6,3,1,14,0,1,0,41,18,2,665,0,7,0,1.4817025012404104,0.900908873225472,-0.0,1.0843767818149654,0,-0.0,0
033f395d-f27b-4199-a16f-6bd6b18449a4_gdc_realn_rehead,11,8,2,26,0,2,0,61,117,4,1713,0,103,0,1.7476491348104342,1.0289159462803785,0.6931471805599453,1.075343236886366,0,0.09576329345209114,0
03e07184-68da-4e59-abb6-c5b6526c990c_gdc_realn_rehead,1,0,1,11,0,0,0,9,0,6,103,0,0,0,-0.0,0,-0.0,1.4838109702843412,0,0,0
053bca4b-74e4-4fba-bd0d-7b2c2d678a66_gdc_realn_rehead,1,2,1,7,0,0,0,9,5,7,90,0,0,0,-0.0,0.6730116670092565,-0.0,1.3668252874927862,0,0,0
05856688-714a-446b-8652-d38e94d7ae93_gdc_realn_rehead,5,3,1,19,1,1,0,26,14,2,1748,2,5,0,1.377819508039033,0.9922819748525737,-0.0,0.6449779055669055,-0.0,-0.0,0
058ef2a4-a1f9-40ea-ad44-b4e00dc5b014_gdc_realn_rehead,0,0,0,6,0,1,0,0,0,0,28,0,6,0,0,0,0,1.2962887544809338,0,-0.0,0
0601965e-336a-474e-85c0-398a3c4d7782_gdc_realn_rehead,1,1,0,4,0,0,0,4,3,0,101,0,0,0,-0.0,-0.0,0,0.9150605405090715,0,0,0
06904d76-38ca-4c2a-8699-a57aacce0ec2_gdc_realn_rehead,0,0,0,5,0,0,0,0,0,0,24,0,0,0,0,0,0,1.3971453416116155,0,0,0
0699db2f-847c-4944-8b5e-2f2a196d5707_gdc_realn_rehead,2,1,1,11,0,1,0,20,2,12,422,0,6,0,0.3250829733914482,-0.0,-0.0,0.6600187748134203,0,-0.0,0
07c72ab1-765a-4cad-a8f5-b219b1df8089_gdc_realn_rehead,9,2,3,15,1,1,0,73,4,14,675,2,19,0,1.7650573617757483,0.6931471805599453,0.8921178708188161,0.9635552814316238,-0.0,-0.0,0
0813f7de-f80a-488b-a275-e4636629aca3_gdc_realn_rehead,0,1,1,10,0,1,0,0,5,2,150,0,6,0,0,-0.0,-0.0,0.7578638414167631,0,-0.0,0
086e890b-cdc3-455e-84a8-66dbfa3aae11_gdc_realn_rehead,5,2,1,13,0,1,0,17,8,2,292,0,11,0,1.4161396803619402,0.5623351446188083,-0.0,1.1727639292630523,0,-0.0,0
091d8ab7-7cad-4921-b2c2-4304ed611fc9_gdc_realn_rehead,0,0,0,5,0,0,0,0,0,0,79,0,0,0,0,0,0,0.5484679873398046,0,0,0
0a18b687-11be-427b-82a9-b11d80b0ea3d_gdc_realn_rehead,1,0,0,9,0,0,0,6,0,0,51,0,0,0,-0.0,0,0,1.7699165331010835,0,0,0
0a8e1c17-5ac8-4509-9741-ec1c59c5cebc_gdc_realn_rehead,2,3,1,9,0,1,0,67,20,2,312,0,2,0,0.421412422428133,0.7305880613711224,-0.0,0.8088198467402257,0,-0.0,0
0d3c1f7c-8aab-4cdb-a652-d873b630de45_gdc_realn_rehead,0,0,0,5,0,0,0,0,0,0,28,0,0,0,0,0,0,1.3510929202121096,0,0,0
0d6e7057-6aa8-46ff-9e9b-e0ba237eb19b_gdc_realn_rehead,3,1,1,10,0,1,0,18,2,55,110,0,6,0,0.6837389058487535,-0.0,-0.0,1.1975028397837582,0,-0.0,0
0da55f74-bd6d-4b13-88db-20863165b06b_gdc_realn_rehead,7,3,2,20,0,1,0,36,13,25,862,0,6,0,1.4836940556458567,1.0579054247036734,0.3669249912727096,0.8680574666746332,0,-0.0,0
0daa1a31-b86c-4353-b403-59db8ebcb851_gdc_realn_rehead,1,0,0,4,0,0,0,2,0,0,29,0,0,0,-0.0,0,0,1.2103011139066002,0,0,0
0ddd82c2-8cdb-4ec0-9c5f-3321f312e962_gdc_realn_rehead,0,0,0,6,1,1,0,0,0,0,179,4,4,0,0,0,0,0.8445647734351472,-0.0,-0.0,0
0e8babe1-4c15-4d9c-a26b-2ad839cef580_gdc_realn_rehead,2,0,0,9,0,1,0,11,0,0,112,0,143,0,0.47413931305783735,0,0,1.2152115786588524,0,-0.0,0
0ea510ed-4e24-4c5b-ab49-cfef85aedeab_gdc_realn_rehead,0,1,1,14,0,1,0,0,2,2,204,0,8,0,0,-0.0,-0.0,1.195384534243475,0,-0.0,0
0f077bd4-3907-4a81-a3df-0c1f5f32ff47_gdc_realn_rehead,2,0,0,18,1,1,0,6,0,0,552,6,14,0,0.6365141682948128,0,0,1.0027902776369966,-0.0,-0.0,0
100406a4-d12c-4ae5-b9ed-b6968f02dbe6_gdc_realn_rehead,11,5,3,26,2,1,0,434,49,65,1812,8,20,0,0.7008954284109885,1.2929832593863533,0.2738350477908407,0.692691944802195,0.5623351446188083,-0.0,0
108339cb-e827-4340-b52d-9b3cbb4e5165_gdc_realn_rehead,0,3,0,9,0,1,0,0,6,0,59,0,2,0,0,1.0986122886681096,0,1.587065996660479,0,-0.0,0
10e0e7f3-3fc1-43f7-b7fc-7bb6a375d060_gdc_realn_rehead,1,1,0,8,0,1,0,2,4,0,226,0,2,0,-0.0,-0.0,0,0.3921468267577879,0,-0.0,0
10e22941-6475-4f0b-8288-4e23e58864a6_gdc_realn_rehead,0,0,0,10,0,0,0,0,0,0,44,0,0,0,0,0,0,2.0913649226406013,0,0,0
1132c05d-00f1-4c3b-a0ed-06a735c82401_gdc_realn_rehead,3,1,1,11,0,1,0,15,4,2,133,0,2,0,0.9276173343271816,-0.0,-0.0,1.2666992624988584,0,-0.0,0
1198fd4b-6d38-4cb3-93b1-9a3b424fc339_gdc_realn_rehead,5,5,4,23,2,1,0,67,18,17,1758,8,24,0,1.2745453576241919,1.464816384890813,1.3545810752131697,1.2051935382997634,0.5623351446188083,-0.0,0
1228fb38-e5a9-4521-ad83-a67977908527_gdc_realn_rehead,0,0,0,8,0,0,0,0,0,0,37,0,0,0,0,0,0,1.6592764969472058,0,0,0
12b39ffe-9ea7-421a-af7c-2558fa992d78_gdc_realn_rehead,12,8,4,34,3,2,0,193,44,13,2355,6,4,0,1.9384097178712478,1.6882009186749536,1.3516811946858949,1.3075227795001856,1.0986122886681096,0.6931471805599453,0
13ed08ee-d7e8-43bd-9ee1-7850140e8210_gdc_realn_rehead,2,0,0,12,0,1,0,6,0,0,144,0,13,0,0.6931471805599453,0,0,0.9953915183179354,0,-0.0,0
14fe760a-b84e-4d6e-ab4f-56fbd5cf93ac_gdc_realn_rehead,1,2,0,13,0,1,0,2,28,0,248,0,8,0,-0.0,0.6829081047004717,0,1.0326815372656508,0,-0.0,0
1642360c-3217-42ce-b1c3-8a18c77a26be_gdc_realn_rehead,1,1,1,10,0,0,0,2,2,2,222,0,0,0,-0.0,-0.0,-0.0,1.0102425223955662,0,0,0
169ff044-7e80-475a-8834-bfdb10180992_gdc_realn_rehead,3,2,0,19,2,0,0,42,4,0,245,4,0,0,1.0254113998874028,0.6931471805599453,0,1.789971672643773,0.6931471805599453,0,0
170eae5f-f32e-45e5-beda-848a84ad2fb4_gdc_realn_rehead,7,2,2,14,1,1,0,99,11,21,727,2,18,0,1.5724314569101399,0.6554817739013927,0.5488743844849944,1.126133512026175,-0.0,-0.0,0
17579b7c-6ebd-4da8-9df5-004a69a7ef3d_gdc_realn_rehead,3,0,1,10,1,0,0,25,0,28,584,2,0,0,0.8731726364245317,0,-0.0,0.5582258545104883,-0.0,0,0
1774634c-c5f9-46b4-bd3d-01c9e520e341_gdc_realn_rehead,2,0,2,10,0,1,0,8,0,6,281,0,2,0,0.5623351446188083,0,0.6931471805599453,0.6655335946469523,0,-0.0,0
17d3f67c-7d54-4866-88d5-96272a8b8bee_gdc_realn_rehead,0,0,0,6,0,0,0,0,0,0,112,0,0,0,0,0,0,0.8189681266187188,0,0,0
18b2e6a9-0213-410f-ab5d-10e839b4d4ee_gdc_realn_rehead,2,0,0,8,0,0,0,19,0,0,71,0,0,0,0.6581099875431143,0,0,1.2552214696694521,0,0,0
18b7d94a-8660-46b8-8681-323fdfee2826_gdc_realn_rehead,4,1,0,8,0,0,0,9,4,0,214,0,0,0,1.3689223607402194,-0.0,0,1.017971765219064,0,0,0
19253042-25b5-469d-aa1b-4822f6dd92db_gdc_realn_rehead,7,2,3,14,1,1,0,193,12,11,3294,3,2,0,1.0840713671256272,0.6365141682948128,1.0361987848192837,0.7161243086242637,-0.0,-0.0,0
19b05e39-15f0-4a05-9df4-b0ae1864494a_gdc_realn_rehead,5,2,3,16,1,2,0,24,5,9,561,4,6,0,1.457205948526498,0.6730116670092565,1.0608569471580214,1.0912732691352804,-0.0,0.6365141682948128,0
1b9642cd-d963-4251-a929-b499516a3f82_gdc_realn_rehead,0,1,1,8,0,0,0,0,2,2,43,0,0,0,0,-0.0,-0.0,1.627798321099157,0,0,0
1bdf64ba-0881-4ab3-a2e6-e8c38d925e45_gdc_realn_rehead,0,0,0,8,0,0,0,0,0,0,27,0,0,0,0,0,0,1.836918100862466,0,0,0
1bfdc454-759f-43b2-9c8e-7298efe412fc_gdc_realn_rehead,2,0,0,9,1,0,0,138,0,0,87,2,0,0,0.07575108500341506,0,0,1.0425187332027792,-0.0,0,0
1c0e230e-5838-4cb1-9f48-a5b5173dfd3e_gdc_realn_rehead,2,2,1,11,0,0,0,4,12,2,240,0,0,0,0.6931471805599453,0.45056120886630463,-0.0,0.763822593546079,0,0,0
1efde3b7-5fd9-4fee-bc1f-9cd9f5a3221d_gdc_realn_rehead,8,2,2,16,1,0,0,114,25,10,1026,6,0,0,1.6890048475257058,0.6859298002523728,0.6730116670092565,0.7752585338847204,-0.0,0,0
1f3d2751-c60c-4c2f-bb9f-cc35c05903ab_gdc_realn_rehead,2,0,0,7,0,1,0,7,0,0,98,0,5,0,0.5982695885852573,0,0,1.1650480496074653,0,-0.0,0
201d192c-9f30-445a-a0ac-f9534aab9902_gdc_realn_rehead,5,0,0,12,1,0,0,26,0,0,237,2,0,0,1.4083512291280094,0,0,0.9809162311595939,-0.0,0,0
20201e84-9484-4a28-9af6-d229f45c6703_gdc_realn_rehead,2,0,0,7,0,0,0,4,0,0,106,0,0,0,0.6931471805599453,0,0,1.239356692918737,0,0,0
208ee929-9039-43fb-8177-11631c297103_gdc_realn_rehead,4,1,0,14,0,1,0,196,3,0,160,0,3,0,0.7721926207177259,-0.0,0,1.5317951848072757,0,-0.0,0
218497eb-3c64-4e96-bd70-c2cf3d6d9877_gdc_realn_rehead,0,0,0,3,0,0,0,0,0,0,16,0,0,0,0,0,0,0.9743147528693494,0,0,0
21d1dc59-02bf-46bc-ac59-5ba6a6883595_gdc_realn_rehead,0,0,0,12,0,0,0,0,0,0,74,0,0,0,0,0,0,2.0393911904316635,0,0,0
21f22a44-fb3b-422f-8d6f-934e53ec5aec_gdc_realn_rehead,3,2,0,11,0,0,0,14,17,0,117,0,0,0,0.7963116401738131,0.362210557135449,0,1.4709128171993504,0,0,0
21fb3492-7e9e-466f-9d98-d5394af5d2d2_gdc_realn_rehead,2,0,0,3,0,0,0,4,0,0,32,0,0,0,0.6931471805599453,0,0,0.6019239717322894,0,0,0
230fd3e9-44a2-4391-825d-143cba8bcf9a_gdc_realn_rehead,2,1,0,8,0,0,0,7,121,0,130,0,0,0,0.5982695885852573,-0.0,0,0.8706524964941329,0,0,0
23221ebb-100c-4e28-bf4e-0f164a8ed50a_gdc_realn_rehead,5,1,1,14,0,1,0,96,17,364,815,0,2,0,0.9145790184580915,-0.0,-0.0,1.0348243365771386,0,-0.0,0
233d824a-5818-41ec-adc9-8464ddc024c1_gdc_realn_rehead,3,0,1,16,0,1,0,10,0,12,204,0,6,0,1.0296530140645737,0,-0.0,1.635797855522074,0,-0.0,0
2371f879-e2a1-4487-ba2d-a14d40981ace_gdc_realn_rehead,1,0,0,4,0,0,0,4,0,0,32,0,0,0,-0.0,0,0,1.0337005498525014,0,0,0
23e069a4-9d44-442e-8d49-eb088fb9a187_gdc_realn_rehead,4,0,0,14,0,1,0,17,0,0,298,0,25,0,1.036993868518466,0,0,1.8913804346411753,0,-0.0,0
24266bd0-b5ba-4168-b9f2-484c74d0b795_gdc_realn_rehead,1,1,0,8,0,0,0,5,4,0,116,0,0,0,-0.0,-0.0,0,1.0313627856617966,0,0,0
250289ec-46a2-4ce2-84bc-0b6168a1f8b0_gdc_realn_rehead,10,3,3,24,0,2,0,248,23,9,3102,0,104,0,1.31807408250778,0.8223449173934805,1.0608569471580214,0.8905245220228606,0,0.5824922438849605,0
25deadd5-883a-4e88-8016-e337c1cec641_gdc_realn_rehead,2,2,0,10,0,0,0,9,8,0,175,0,0,0,0.5297061990576545,0.5623351446188083,0,0.8004112670943638,0,0,0
25fc67f7-eb4f-4a80-b5a8-a89c6e5a9292_gdc_realn_rehead,1,0,0,10,0,0,0,37,0,0,115,0,0,0,-0.0,0,0,1.2527563408404305,0,0,0
267d0d2e-32c6-475b-b4a6-c3c9ecc57a4d_gdc_realn_rehead,3,2,5,16,0,0,0,29,4,14,425,0,0,0,0.744129541411298,0.6931471805599453,1.5498260458782016,1.848424115921448,0,0,0
269f6d2a-87dc-4fd8-af61-2ab4e6e06728_gdc_realn_rehead,3,0,0,6,0,0,0,22,0,0,438,0,0,0,0.7595473914748635,0,0,0.6622321558828748,0,0,0
284cdeba-e8fb-4e5d-960a-dc45815fd3bd_gdc_realn_rehead,0,1,0,3,0,0,0,0,2,0,12,0,0,0,0,-0.0,0,1.0114042647073516,0,0,0
28d806cd-95c7-4dfb-a980-1a482bbdf285_gdc_realn_rehead,0,1,0,5,0,0,0,0,2,0,30,0,0,0,0,-0.0,0,1.3869747076862664,0,0,0
291c515a-0c08-4f00-ad1a-13b6ec6fb982_gdc_realn_rehead,4,4,2,17,0,1,0,37,28,12,610,0,14,0,1.0913783105506745,0.9911388966130941,0.6365141682948128,0.856681597123197,0,-0.0,0
2950c941-f93f-4948-97f2-74cf6d5161de_gdc_realn_rehead,13,4,3,26,2,2,0,161,19,49,1427,4,25,0,1.5291384344326315,1.1184066545611024,0.7154456795248026,0.9238538570891373,0.6931471805599453,0.2787693717685874,0
298d5de5-f66d-47db-8150-908ca70f6f86_gdc_realn_rehead,13,2,2,25,2,1,0,68,44,8,1302,4,19,0,2.163942252488282,0.18490739916777568,0.5623351446188083,0.8334783192901221,0.6931471805599453,-0.0,0
298f6a56-5a1d-4b35-bb8a-e670ea6a0ee9_gdc_realn_rehead,1,1,0,8,2,0,0,4,2,0,55,4,0,0,-0.0,-0.0,0,1.2459066215668237,0.6931471805599453,0,0
29b33845-77da-4a4b-a6e7-7b4aa6a26393_gdc_realn_rehead,3,1,0,15,0,1,0,14,5,0,211,0,3,0,1.0789922078775833,-0.0,0,0.895049878006097,0,-0.0,0
29d635f0-3db9-4d3a-bae3-7e16de3b6bea_gdc_realn_rehead,0,0,0,16,1,0,0,0,0,0,218,2,0,0,0,0,0,1.5040775261814436,-0.0,0,0
2a8cf710-6197-4a1c-b7b3-97bbb975c715_gdc_realn_rehead,1,3,0,6,0,0,0,2,7,0,175,0,0,0,-0.0,1.0789922078775833,0,0.7141817108926508,0,0,0
2adbf2eb-6c1c-4624-91ce-86765f2219c5_gdc_realn_rehead,6,2,1,12,0,0,0,33,69,2,2918,0,0,0,1.555225283924911,0.13119781096951133,-0.0,0.13643988023379594,0,0,0
2babb909-4d6a-4873-9010-0481cd9d7f67_gdc_realn_rehead,12,3,5,14,1,1,0,113,47,16,1684,2,2,0,1.516064629239076,0.9190239851783006,1.4941751382893085,1.039934599917561,-0.0,-0.0,0
2c5bf985-e02f-4319-9060-03903d77629c_gdc_realn_rehead,4,1,2,14,0,1,0,8,4,8,241,0,13,0,1.3862943611198906,-0.0,0.6931471805599453,1.1925724014881993,0,-0.0,0
2c652ec1-ee07-4d63-bfb0-cbf9e4013717_gdc_realn_rehead,0,1,2,8,0,0,0,0,4,6,106,0,0,0,0,-0.0,0.6365141682948128,1.008497708312145,0,0,0
2c95ea97-62f0-4cdf-b5c2-e52f1dba1df7_gdc_realn_rehead,0,0,0,4,0,0,0,0,0,0,34,0,0,0,0,0,0,1.0553577376953942,0,0,0
2ca0803b-71dc-4910-9307-dd5aeb5c8015_gdc_realn_rehead,5,1,2,18,1,0,0,49,2,29,494,2,0,0,0.9816118132405799,-0.0,0.5890026049647302,1.4189174137686502,-0.0,0,0
2cfd1613-48d7-467e-99f6-cb93b233c019_gdc_realn_rehead,0,0,0,10,0,1,0,0,0,0,47,0,2,0,0,0,0,2.031121914038431,0,-0.0,0
2d5e614b-ab16-4ff9-bb9a-0c1004890a77_gdc_realn_rehead,8,5,3,17,0,1,0,132,105,9,1215,0,13,0,1.630392582392602,1.298707458765174,0.9950269901795212,0.7049426645933508,0,-0.0,0
2efe4617-99bc-4b18-9159-7739131c8aa9_gdc_realn_rehead,6,0,2,12,0,0,0,56,0,10,1083,0,0,0,1.6678178258854386,0,0.5004024235381879,0.688908427268891,0,0,0
2f3322db-f3cb-4a08-b81b-bba1703f55c1_gdc_realn_rehead,7,2,2,12,0,1,0,55,4,6,469,0,109,0,1.6918413445921967,0.6931471805599453,0.6365141682948128,1.2878224403003988,0,-0.0,0
3001ec84-0cf6-478d-944d-31477f29682c_gdc_realn_rehead,1,0,1,8,0,0,0,4,0,2,28,0,0,0,-0.0,0,-0.0,1.7265636287565023,0,0,0
303660c7-e51c-425d-9432-f59b6b427b41_gdc_realn_rehead,4,0,0,9,0,0,0,21,0,0,148,0,0,0,1.3654306466659105,0,0,1.201958440803482,0,0,0
3053eba0-ea7d-4458-8d90-8529d9d9cd5b_gdc_realn_rehead,4,0,1,18,0,0,0,25,0,2,253,0,0,0,0.8147468773673192,0,-0.0,1.4241809356722654,0,0,0
3072d901-49d8-4081-822b-0c028e9e28fa_gdc_realn_rehead,0,0,0,2,0,0,0,0,0,0,4,0,0,0,0,0,0,0.6931471805599453,0,0,0
30adccfc-bb00-4b20-9579-2fd4db4cbd32_gdc_realn_rehead,0,1,0,10,0,0,0,0,2,0,133,0,0,0,0,-0.0,0,0.7513223780387284,0,0,0
3103782a-2847-4a2a-b31f-4e5ea2ed76b0_gdc_realn_rehead,6,4,1,16,0,1,0,59,48,3,2494,0,6,0,1.3608002090037106,0.623848004006291,-0.0,0.6268388230991859,0,-0.0,0
319e9480-8717-4ccc-b906-2e42be7db976_gdc_realn_rehead,3,2,3,9,1,1,0,43,4,8,190,4,4,0,0.37395609426807425,0.6931471805599453,1.0397207708399179,1.0005876442644637,-0.0,-0.0,0
31e494ef-4885-4296-99df-d1583cff7a5c_gdc_realn_rehead,1,1,0,6,0,0,0,2,3,0,133,0,0,0,-0.0,-0.0,0,0.5978516181624709,0,0,0
31f13ffe-59d7-4b49-89e2-020daf75b1ee_gdc_realn_rehead,5,0,0,15,0,0,0,120,0,0,346,0,0,0,0.458049108276924,0,0,1.2758647825329394,0,0,0
3208ed34-81cc-4419-8bfe-310568b43c80_gdc_realn_rehead,3,1,0,6,1,0,0,37,2,0,450,2,0,0,0.7495172222197812,-0.0,0,0.7335583176185048,-0.0,0,0
32b09cce-1d6a-44f1-8699-7cdf8d6e0fb3_gdc_realn_rehead,4,1,1,6,0,0,0,99,2,2,106,0,0,0,0.6172404408180865,-0.0,-0.0,0.8213991545053283,0,0,0
33cfa2ad-37ac-485c-b721-2da6885ce3f6_gdc_realn_rehead,3,4,1,14,0,1,0,28,18,17,839,0,25,0,0.8304717124362917,1.0027182645175161,-0.0,0.733210030837345,0,-0.0,0
344403b9-e960-4d21-8094-c64c6c21feac_gdc_realn_rehead,1,0,0,7,0,0,0,3,0,0,89,0,0,0,-0.0,0,0,1.0549328581795447,0,0,0
345bf6c7-2b7c-4ff6-9edf-5eb579ffbe5d_gdc_realn_rehead,1,2,0,12,0,1,0,8,4,0,64,0,2,0,-0.0,0.6931471805599453,0,1.7833565258296302,0,-0.0,0
346dd6ea-76b5-4e01-926d-07832d3a76c4_gdc_realn_rehead,2,1,1,5,0,0,0,8,2,2,46,0,0,0,0.5623351446188083,-0.0,-0.0,1.1925651691824188,0,0,0
35efed04-67eb-4cad-aa21-e1c0ce81db9d_gdc_realn_rehead,3,2,1,8,0,0,0,60,5,2,84,0,0,0,0.3887343902209295,0.6730116670092565,-0.0,1.1713278222358106,0,0,0
368ddefd-8538-426b-9015-a3c7f3bb7850_gdc_realn_rehead,10,5,6,20,2,1,0,200,18,34,2074,5,37,0,1.3084854263399353,1.5089177597971124,1.4353306827273782,0.7343686080627205,0.6730116670092565,-0.0,0
377df6dd-af23-4337-8713-a5c4955b7d6f_gdc_realn_rehead,4,0,3,13,0,1,0,18,0,7,359,0,6,0,1.190660675649706,0,1.0789922078775833,1.2216005272042623,0,-0.0,0
3798177b-bd80-48b4-a937-c4d4464d482a_gdc_realn_rehead,6,5,0,15,1,1,0,57,20,0,548,4,32,0,1.3522944061492728,1.496415934940139,0,0.9183595566516187,-0.0,-0.0,0
38aa3c95-013f-4010-a5fd-54ff5e4aa728_gdc_realn_rehead,4,4,3,15,0,1,0,65,25,6,1296,0,11,0,0.5490487567760657,1.1778210141494905,1.0986122886681096,0.4731108771667158,0,-0.0,0
38d095ea-9002-42a5-a556-1c751b0405e9_gdc_realn_rehead,3,0,0,7,0,0,0,8,0,0,82,0,0,0,1.0397207708399179,0,0,1.2539800515170514,0,0,0
38dc8f73-a4ec-4f38-a612-11cf1faa1d8d_gdc_realn_rehead,2,2,2,5,0,0,0,53,9,6,64,0,0,0,0.16068056204154624,0.6365141682948128,0.6365141682948128,0.6415518483235773,0,0,0
39360e12-b82e-423e-97fa-392cbd6cb971_gdc_realn_rehead,4,4,5,18,1,1,0,78,224,15,1062,2,10,0,1.116238884789839,0.42878112309641453,1.5472867333409475,0.5934255063015597,-0.0,-0.0,0
39b27f76-9e10-4284-b5dc-7b5a554dfe26_gdc_realn_rehead,3,0,1,8,0,1,0,109,0,12,99,0,27,0,0.39631017391824025,0,-0.0,1.3444446043695362,0,-0.0,0
3a5d8a5d-4fd2-41b0-ac21-dfa50eab1dcc_gdc_realn_rehead,10,7,3,18,1,1,0,147,28,22,808,2,17,0,2.0054148941592342,1.8060741295707583,0.9369181202504688,1.1989761547681483,-0.0,-0.0,0
3b50841d-fd1b-4f40-85db-db97403b3411_gdc_realn_rehead,2,2,0,17,0,0,0,20,4,0,714,0,0,0,0.6730116670092565,0.6931471805599453,0,0.8851257104491175,0,0,0
3d2b7c58-6ae8-4199-8782-b4c37b52e757_gdc_realn_rehead,9,5,1,25,2,1,0,116,32,7,1048,10,12,0,1.5511854185246168,1.2503090437774844,-0.0,0.9026664209483813,0.5004024235381879,-0.0,0
3e37a585-683d-4c2d-818f-67cb53da7a37_gdc_realn_rehead,4,1,1,14,0,0,0,36,5,17,288,0,0,0,0.8928007332524436,-0.0,-0.0,1.1996117679422813,0,0,0
3e393ba2-b0bb-47aa-80e3-eb78214a3e54_gdc_realn_rehead,4,2,0,11,0,1,0,59,18,0,485,0,158,0,1.2801648293105807,0.34883209584303193,0,0.5688996398706669,0,-0.0,0
3ebcd3bb-9188-4c03-a6db-f4b8d191f0f2_gdc_realn_rehead,5,1,0,15,0,1,0,92,4,0,289,0,4,0,1.1308206343199088,-0.0,0,1.2206608052125403,0,-0.0,0
3efc7114-c5a2-4bb6-b6bf-02fafc3573f6_gdc_realn_rehead,1,0,0,7,0,0,0,2,0,0,122,0,0,0,-0.0,0,0,1.1318021519810941,0,0,0
3f53a71c-e0a7-442f-92da-4e74f5c84581_gdc_realn_rehead,4,0,1,15,1,0,0,19,0,2,178,2,0,0,1.1942726843483227,0,-0.0,1.6432319333030088,-0.0,0,0
3f574e31-db95-4199-826c-c2f5b1e4332b_gdc_realn_rehead,0,1,0,5,0,0,0,0,2,0,59,0,0,0,0,-0.0,0,1.0630122158712265,0,0,0
3f612e90-0fe9-4c7c-a686-247472cfe4e2_gdc_realn_rehead,1,1,0,12,1,1,0,2,5,0,434,2,8,0,-0.0,-0.0,0,0.49477727204968636,-0.0,-0.0,0
3f88026f-3beb-4805-85aa-65b5e5909b64_gdc_realn_rehead,5,1,1,11,0,1,0,89,2,3,128,0,7,0,1.123503061813791,-0.0,-0.0,1.2916610599690184,0,-0.0,0
3fba503a-4c2f-4909-a094-a9c4882afee5_gdc_realn_rehead,2,1,0,7,0,0,0,6,2,0,139,0,0,0,0.6365141682948128,-0.0,0,1.179807580511118,0,0,0
4023042c-409b-433f-9c43-c719736a55ba_gdc_realn_rehead,2,2,2,21,0,1,0,19,14,41,707,0,908,0,0.5146531654289292,0.5982695885852573,0.6567119934093887,1.3705868395016554,0,-0.0,0
41481131-9b42-47bb-9f05-879007ad423c_gdc_realn_rehead,6,0,2,19,0,2,0,254,0,6,997,0,89,0,0.8131414654306286,0,0.6931471805599453,1.2509611110614074,0,0.30227778701409236,0
4253cc98-350d-4c54-a98c-113d15cf6381_gdc_realn_rehead,1,0,1,11,0,0,0,2,0,2,63,0,0,0,-0.0,0,-0.0,1.9869991147704917,0,0,0
426159a8-d17a-4770-91ac-578ecdf46b8d_gdc_realn_rehead,3,0,1,13,1,1,0,16,0,2,109,2,10,0,0.9743147528693494,0,-0.0,1.642530170156618,-0.0,-0.0,0
42722360-9f14-453c-851e-aadc068affcc_gdc_realn_rehead,3,1,1,13,0,0,0,25,10,2,502,0,0,0,0.7174352514213597,-0.0,-0.0,0.8518810366391727,0,0,0
42da1d41-a034-4c87-af13-615a6d94d0bb_gdc_realn_rehead,2,3,0,9,0,1,0,6,6,0,194,0,2,0,0.6365141682948128,1.0986122886681096,0,0.6946142266417827,0,-0.0,0
42de85be-ae4e-47c9-97d9-1b92f1f4569a_gdc_realn_rehead,1,0,1,5,0,0,0,2,0,4,23,0,0,0,-0.0,0,-0.0,1.1282798480590317,0,0,0
4340a3f4-4b56-432a-949a-655b5f74c2f7_gdc_realn_rehead,1,2,1,7,0,0,0,4,13,2,90,0,0,0,-0.0,0.4293230219306162,-0.0,1.0811453037641203,0,0,0
44923b77-7082-4567-9712-1f05207b94d6_gdc_realn_rehead,2,1,2,19,0,1,0,21,2,7,920,0,2,0,0.5982695885852573,-0.0,0.5982695885852573,0.9357377576742074,0,-0.0,0
44ab1da4-a195-4f76-a012-393e3fdb5611_gdc_realn_rehead,1,2,0,10,0,2,0,8,8,0,589,0,12,0,-0.0,0.5623351446188083,0,0.5795948713038533,0,0.45056120886630463,0
455a3e8d-2074-41af-b082-0fbede72aeea_gdc_realn_rehead,1,0,0,7,0,0,0,75,0,0,187,0,0,0,-0.0,0,0,1.1238798216037964,0,0,0
4585dd6a-7829-4919-8b36-25d94983144c_gdc_realn_rehead,1,0,0,4,0,0,0,2,0,0,77,0,0,0,-0.0,0,0,0.35927094973299467,0,0,0
45d24c12-1c69-4b02-8ba2-290a11857a02_gdc_realn_rehead,1,0,0,6,0,0,0,6,0,0,173,0,0,0,-0.0,0,0,0.5010951527522686,0,0,0
45e0344b-87be-4fe9-b4fc-241bde6bbf4f_gdc_realn_rehead,3,1,1,7,0,0,0,10,11,7,161,0,0,0,0.9502705392332347,-0.0,-0.0,0.6617543145217994,0,0,0
45e61125-c532-4188-85bc-847258e516ed_gdc_realn_rehead,0,1,1,11,0,0,0,0,10,2,183,0,0,0,0,-0.0,-0.0,1.0988496575296791,0,0,0
4710fc26-1185-4436-b315-db0380bd9080_gdc_realn_rehead,4,4,1,11,0,0,0,52,19,10,1021,0,0,0,1.1199879890233475,1.2469826398977568,-0.0,0.7444818531496054,0,0,0
4741c9f3-fed1-46ca-836b-264bdb905e89_gdc_realn_rehead,5,1,3,9,0,1,0,182,8,7,609,0,25,0,0.538528576794404,-0.0,1.0789922078775833,0.790410139695842,0,-0.0,0
47cea585-0a27-424c-a716-69df89183ca4_gdc_realn_rehead,2,1,0,10,1,0,0,5,40,0,169,3,0,0,0.6730116670092565,-0.0,0,0.8183631395538425,-0.0,0,0
47f72c27-1e68-46f1-8df8-8dcf698f058e_gdc_realn_rehead,6,2,2,14,0,0,0,90,19,19,1331,0,0,0,1.4582429539968418,0.6806294878916634,0.6236548495681085,0.6512709785160118,0,0,0
495752ac-1048-48c3-9791-623dbd116a1a_gdc_realn_rehead,2,2,2,6,0,1,0,4,4,11,173,0,14,0,0.6931471805599453,0.6931471805599453,0.47413931305783735,0.9400187929001436,0,-0.0,0
49ba6931-e906-45e7-9701-9f2b0b6e4df4_gdc_realn_rehead,9,2,3,15,0,1,0,219,55,57,2414,0,5,0,1.2593896973213858,0.15621017106188279,0.40349724898297,0.4050986968058069,0,-0.0,0
4a1266ef-4c35-48ce-ad81-2bb25f773ac9_gdc_realn_rehead,1,5,0,5,0,1,0,9,16,0,365,0,53,0,-0.0,1.5437891850588954,0,0.23312091701042273,0,-0.0,0
4aa332e6-b4ab-4f56-be49-e8170c64447c_gdc_realn_rehead,3,2,1,8,0,1,0,12,4,2,176,0,2,0,0.9596147939120492,0.6931471805599453,-0.0,0.9200292258272686,0,-0.0,0
4b71505f-f386-434f-9d99-a0741ae09ae2_gdc_realn_rehead,8,3,1,24,0,1,0,97,29,4,923,0,37,0,1.2315477751161172,0.4967963698504464,-0.0,1.4852517959249991,0,-0.0,0
4c09855d-67c2-46ea-83dc-af80ec3dfeee_gdc_realn_rehead,10,3,4,23,0,1,0,152,11,79,1810,0,48,0,1.5156505801612146,1.0361987848192837,0.8826438898287554,0.8312336839011497,0,-0.0,0
4c38482a-1651-4e55-816e-acb01999a202_gdc_realn_rehead,5,2,1,12,0,0,0,25,10,235,485,0,0,0,1.2058832830933055,0.6730116670092565,-0.0,0.7009619510065224,0,0,0
4c60278c-54a5-4b8c-9ae6-c8cdd5c9ddc0_gdc_realn_rehead,2,0,2,5,0,1,0,9,0,4,61,0,2,0,0.6869615765973234,0,0.6931471805599453,0.7139106952531313,0,-0.0,0
4d8bf6c2-5bfa-4ac3-945b-52522a7a0cf9_gdc_realn_rehead,1,0,0,11,1,0,0,5,0,0,89,3,0,0,-0.0,0,0,1.8261317114080953,-0.0,0,0
4f4a304b-0e65-467e-b07e-155c528ceb15_gdc_realn_rehead,1,1,1,17,0,0,0,8,2,2,92,0,0,0,-0.0,-0.0,-0.0,1.767399302591275,0,0,0
4f65e591-fba3-41aa-898f-f9a4fbd7a456_gdc_realn_rehead,3,1,0,6,0,0,0,8,2,0,85,0,0,0,1.0397207708399179,-0.0,0,1.1022090574755339,0,0,0
50b6aa8d-3938-4299-9da3-d518d4d3fc19_gdc_realn_rehead,2,1,3,6,0,0,0,4,2,72,479,0,0,0,0.6931471805599453,-0.0,0.33987883041406175,0.257999498882215,0,0,0
5184a284-2486-4c21-acdd-b52e3b3d014f_gdc_realn_rehead,10,3,4,19,3,1,0,273,9,48,865,11,2,0,1.1340502161144337,0.9950269901795212,0.6691451258356723,1.004657635777168,0.9949236325717751,-0.0,0
51ccb3d6-e0d2-4729-991e-46809c28a463_gdc_realn_rehead,3,0,0,10,0,0,0,10,0,0,249,0,0,0,1.0296530140645737,0,0,1.2519529483815066,0,0,0
53043feb-0213-4b53-8204-4e6905768234_gdc_realn_rehead,5,3,3,15,0,1,0,400,19,10,1040,0,185,0,0.34499811408155906,0.9097077103274986,0.9502705392332347,0.6921789430447293,0,-0.0,0
53d5d566-f294-448b-ac48-6ffa2ba333b0_gdc_realn_rehead,0,2,0,8,0,0,1,0,6,0,243,0,0,3,0,0.6365141682948128,0,0.5939186878181577,0,0,-0.0
54062cc8-47ba-45da-8b3f-ad5cd845d3e5_gdc_realn_rehead,0,1,1,4,0,0,0,0,3,2,14,0,0,0,0,-0.0,-0.0,1.277034259466139,0,0,0
54c0e424-f5cf-4fc9-8891-ab8ee8c10a8d_gdc_realn_rehead,2,1,1,15,1,3,0,13,4,5,421,3,25,0,0.6901856760188042,-0.0,-0.0,0.7296461189880565,-0.0,0.6350047569400391,0
553fc948-c34d-4a39-ba90-007f43c989f7_gdc_realn_rehead,3,2,0,13,0,0,0,37,6,0,328,0,0,0,0.4869806121924549,0.6365141682948128,0,0.7583614295245027,0,0,0
55427b1d-4160-45fd-a5d4-a72d724e87b4_gdc_realn_rehead,6,4,3,24,0,0,0,58,53,22,1565,0,0,0,1.5142254627581122,1.0454099793809268,0.6001660731596457,0.8071848963711321,0,0,0
55878010-15f1-473e-9361-cf31e1780675_gdc_realn_rehead,4,1,2,14,0,1,0,25,4,4,298,0,4,0,1.2653064906820743,-0.0,0.6931471805599453,1.1263578437640531,0,-0.0,0
56466297-cbb3-4015-b7e5-5dc386bafaee_gdc_realn_rehead,1,0,2,11,0,0,0,2,0,6,60,0,0,0,-0.0,0,0.6365141682948128,1.9202873594199754,0,0,0
56885fdf-ae09-4478-be99-81bd282715eb_gdc_realn_rehead,3,2,0,11,1,1,0,8,8,0,230,2,4,0,1.0397207708399179,0.6615632381579821,0,1.3643417197232073,-0.0,-0.0,0
570f3779-f38b-46f0-a3bb-c8b4e7a97291_gdc_realn_rehead,2,1,0,13,1,0,0,16,2,0,112,2,0,0,0.37677016125643675,-0.0,0,1.9635169862409685,-0.0,0,0
5735edb0-5df0-4425-b5db-614e94f1e2db_gdc_realn_rehead,3,0,2,14,1,0,0,20,0,4,183,2,0,0,0.818808456222877,0,0.6931471805599453,1.815038064752931,-0.0,0,0
57dc603f-e1c0-4fc0-9ed9-76dd5b6f9bd4_gdc_realn_rehead,4,3,1,16,0,1,0,26,13,19,392,0,4,0,1.185127903560458,1.0123308391031733,-0.0,0.6629743275475646,0,-0.0,0
59ccaf6f-f899-4df4-9b52-fc7695e38e2b_gdc_realn_rehead,2,1,1,9,0,1,0,6,2,2,95,0,2,0,0.6365141682948128,-0.0,-0.0,1.4244027911452921,0,-0.0,0
5a18610b-7150-42ec-86c0-6c2fa4c1e96e_gdc_realn_rehead,5,5,0,11,1,0,0,20,22,0,317,3,0,0,1.5148560404565352,1.5183498837965292,0,0.6491489812786823,-0.0,0,0
5a58a203-4295-49a4-9534-5e5d64ba8072_gdc_realn_rehead,2,4,0,14,0,1,0,25,37,0,242,0,3,0,0.6268694575724263,1.064703042106019,0,1.3060811075371501,0,-0.0,0
5a66bb8d-7df6-4655-806d-1451370d27a9_gdc_realn_rehead,0,1,0,5,0,0,0,0,2,0,16,0,0,0,0,-0.0,0,1.5154125178887332,0,0,0
5ae7f9d8-5f6e-49d7-b534-749406ef219a_gdc_realn_rehead,2,2,0,15,0,1,0,8,10,0,298,0,3,0,0.6931471805599453,0.5004024235381879,0,1.0745272824301075,0,-0.0,0
5b8d2548-b32e-4abb-9244-a618b1b2852e_gdc_realn_rehead,1,1,3,16,1,1,0,16,2,32,450,2,36,0,-0.0,-0.0,0.8064769418829218,1.107068558865354,-0.0,-0.0,0
5d1029d3-bcb8-4e73-9f03-08e612ddb0a1_gdc_realn_rehead,5,1,1,9,1,0,0,593,6,3,988,4,0,0,0.3504851205554594,-0.0,-0.0,0.3661135650449716,-0.0,0,0
5d302c0e-bbc1-4b3e-afa2-40e2b4c3ded4_gdc_realn_rehead,3,1,2,9,1,1,0,6,6,6,194,10,3,0,1.0986122886681096,-0.0,0.6365141682948128,1.0373735584828503,-0.0,-0.0,0
5e080558-87c4-435a-adae-4979ac558b71_gdc_realn_rehead,0,0,0,7,0,0,0,0,0,0,72,0,0,0,0,0,0,1.2783660625363842,0,0,0
5e0d7cfd-bdd0-421a-8356-c3dba1558539_gdc_realn_rehead,3,4,2,13,1,0,0,23,73,21,979,3,0,0,0.9183987247993114,0.9834356608668807,0.31449220128141064,0.7253192448493487,-0.0,0,0
5e10a745-ce02-4f51-a10d-1d2ff6aa7705_gdc_realn_rehead,1,2,0,8,0,1,0,20,4,0,146,0,2,0,-0.0,0.6931471805599453,0,0.9266482348893375,0,-0.0,0
5f0be065-3b20-46c4-955a-d5999c10de09_gdc_realn_rehead,5,1,5,13,0,0,0,47,2,21,685,0,0,0,1.196046174021717,-0.0,1.4892514858787687,0.5959564541944508,0,0,0
61ade99b-6f87-48d1-b094-51237e96a93f_gdc_realn_rehead,2,0,0,9,0,1,0,11,0,0,202,0,2,0,0.47413931305783735,0,0,0.8780949704604718,0,-0.0,0
61e4c92d-c8f5-45f9-a623-5477af66e193_gdc_realn_rehead,2,2,2,9,0,0,0,37,4,14,112,0,0,0,0.21028341228613337,0.6931471805599453,0.5195798391305154,1.0266331546294418,0,0,0
622b8be1-0f2b-42cb-b37b-1f6e1c42cc43_gdc_realn_rehead,8,5,6,16,0,1,0,123,40,53,1102,0,38,0,1.7733811196193068,1.3697816122074418,1.4794429880452127,0.8769501462873923,0,-0.0,0
629ff0b5-b038-4dca-892b-52d014026bea_gdc_realn_rehead,8,5,4,20,0,2,0,105,44,16,1131,0,8,0,0.9235498147585777,1.2742599530204912,1.2820462400528454,1.0406363825442047,0,0.6615632381579821,0
6390b64d-f005-4a35-bceb-21ddbe91ca7b_gdc_realn_rehead,3,2,1,16,1,0,0,37,6,10,1105,6,0,0,0.718771370031374,0.6365141682948128,-0.0,0.7122208693855339,-0.0,0,0
63a21fb0-97c3-4bad-b9b2-28236484e675_gdc_realn_rehead,2,1,2,11,0,1,0,15,5,9,144,0,2,0,0.39267446722755217,-0.0,0.5297061990576545,1.2102901087896138,0,-0.0,0
64a3e6a5-00fb-4597-ae40-490f9582e08e_gdc_realn_rehead,5,0,0,10,0,0,0,52,0,0,267,0,0,0,1.3832667845299038,0,0,1.130622214505324,0,0,0
64d942e2-03e9-473e-986f-2b0e0e7efb74_gdc_realn_rehead,2,0,0,9,0,0,0,12,0,0,237,0,0,0,0.45056120886630463,0,0,0.9962553352494891,0,0,0
64e21887-298b-4768-8946-cf8fbfae611c_gdc_realn_rehead,1,1,0,8,0,0,0,15,2,0,279,0,0,0,-0.0,-0.0,0,0.5663864369578605,0,0,0
650f377d-7d3b-4f04-ad9c-000acca77177_gdc_realn_rehead,11,4,5,13,0,1,0,314,112,15,1582,0,5,0,1.7068300973142225,0.5493041401268876,1.5867847075280475,0.7751707226402125,0,-0.0,0
65839088-5527-4008-9232-142ee8e0e627_gdc_realn_rehead,2,0,1,6,0,0,0,4,0,3,149,0,0,0,0.6931471805599453,0,-0.0,0.9230430902967675,0,0,0
65a9eeca-f426-48d7-bbb6-5b8e50c48866_gdc_realn_rehead,2,1,0,6,0,0,0,4,2,0,73,0,0,0,0.6931471805599453,-0.0,0,1.1460281922291962,0,0,0
67295c38-9cc0-4492-b782-05f762173b63_gdc_realn_rehead,3,0,1,9,0,1,0,9,0,2,96,0,2,0,1.0608569471580214,0,-0.0,1.3270582149788206,0,-0.0,0
67d4b7aa-1d22-4f4b-af8a-40c1cb55585c_gdc_realn_rehead,12,8,4,28,2,1,0,441,91,10,1921,4,31,0,1.2511477432563543,1.4840770130780794,1.3321790402101223,1.2014791051787237,0.6931471805599453,-0.0,0
67dd9f18-b0ba-48ef-a01c-cefe2cee9263_gdc_realn_rehead,4,7,3,26,3,1,0,55,640,14,2675,26,53,0,1.0169985794234584,0.6613485464168999,0.9799711820833054,0.7997231756305542,0.7902679680745903,-0.0,0
67e0bb40-5006-4c03-839a-8bf3f9383b71_gdc_realn_rehead,2,1,1,4,0,0,0,35,7,2,121,0,0,0,0.21903252178902116,-0.0,-0.0,0.8751713074248356,0,0,0
67e31df5-7c79-4f2c-ad71-1a4bc376c728_gdc_realn_rehead,1,1,3,14,0,1,0,2,2,16,205,0,254,0,-0.0,-0.0,0.9470571522825082,1.013162833843629,0,-0.0,0
683f4b38-7db7-48c9-a092-95ed77020dec_gdc_realn_rehead,5,9,1,18,0,1,0,134,93,36,531,0,117,0,1.0658879335208957,1.152878408590582,-0.0,1.6958297634827624,0,-0.0,0
692d70a3-ee5a-4fb5-a99f-17cd77bb5274_gdc_realn_rehead,0,0,0,3,0,0,0,0,0,0,13,0,0,0,0,0,0,0.8305178252872478,0,0,0
693e7634-9033-4f5e-bd11-bd811bc14643_gdc_realn_rehead,3,3,1,12,0,0,0,16,11,4,257,0,0,0,0.9743147528693494,0.9949236325717751,-0.0,0.9908886125801345,0,0,0
6a0cd3af-dcb9-484c-b1b3-9775f0d420d6_gdc_realn_rehead,0,0,0,6,0,0,0,0,0,0,82,0,0,0,0,0,0,1.1316629322573313,0,0,0
6a30bada-db34-45d8-af22-2a185cfc120b_gdc_realn_rehead,1,1,0,9,0,1,0,3,5,0,58,0,3,0,-0.0,-0.0,0,1.9053106130113913,0,-0.0,0
6b2a28d5-bd0a-4d50-93e2-eb30e1df63de_gdc_realn_rehead,0,0,0,3,0,0,0,0,0,0,18,0,0,0,0,0,0,0.8486855577264172,0,0,0
6b7dbced-5cd2-47b2-96c8-595f96022294_gdc_realn_rehead,1,0,0,7,0,0,0,6,0,0,116,0,0,0,-0.0,0,0,1.016613037218036,0,0,0
6b81ca60-c91e-447d-8658-d3797422e4c7_gdc_realn_rehead,1,1,0,7,0,0,0,3,2,0,65,0,0,0,-0.0,-0.0,0,1.3455032713033312,0,0,0
6c329a5f-3866-4cc1-9d5e-a43413d188b5_gdc_realn_rehead,2,1,0,7,0,1,0,6,2,0,107,0,5,0,0.6365141682948128,-0.0,0,1.1542693164648372,0,-0.0,0
6cf978de-3700-4532-812a-ea18e9db99d0_gdc_realn_rehead,4,5,2,17,1,1,0,53,45,16,864,2,2,0,0.7703167195473367,1.3362297577411821,0.6210863745552451,0.7411971199109662,-0.0,-0.0,0
6d839a7d-c199-46ba-a724-567e412491f9_gdc_realn_rehead,5,3,1,21,1,1,0,53,10,3,764,2,73,0,1.4112039399048026,0.9502705392332347,-0.0,1.119262670166625,-0.0,-0.0,0
6dc766aa-8f14-45fb-9fda-91c3cad1b887_gdc_realn_rehead,1,0,0,8,0,0,0,2,0,0,35,0,0,0,-0.0,0,0,1.753801366241782,0,0,0
6dd4b73b-402d-40c7-bdf9-88d9e0b884fd_gdc_realn_rehead,4,2,2,10,0,1,0,13,9,7,635,0,8,0,1.3778195080390327,0.6365141682948128,0.6829081047004717,0.42002613205217876,0,-0.0,0
6e3dbbf4-ea7c-438f-a944-55adb7c291d5_gdc_realn_rehead,6,4,2,23,1,1,0,76,216,4,795,2,46,0,1.3366218686450129,0.9635776873233057,0.6931471805599453,1.1432143655416602,-0.0,-0.0,0
6e627740-aff8-401c-a422-72124ddcc3bb_gdc_realn_rehead,2,1,1,9,0,0,0,14,4,10,333,0,0,0,0.410116318288409,-0.0,-0.0,0.8827266630902484,0,0,0
6e6c5ce6-22d8-415b-bf7e-ebd17aafa134_gdc_realn_rehead,3,2,1,12,2,0,0,31,4,7,1496,25,0,0,0.7161414579413184,0.6931471805599453,-0.0,0.8546842941168147,0.2787693717685874,0,0
6e775578-86ad-4eed-a8fc-04e6932fb458_gdc_realn_rehead,3,1,0,6,1,0,0,6,2,0,442,2,0,0,1.0986122886681096,-0.0,0,0.2371978606739859,-0.0,0,0
6e7c601a-fcc9-4900-9fab-9fee704870c0_gdc_realn_rehead,6,1,1,10,0,2,1,90,5,17,883,0,10,2,1.3491130779136788,-0.0,-0.0,0.6428567757689846,0,0.5004024235381879,-0.0
6ee0d570-56f7-4f3b-b4ef-3b61bcbbd80a_gdc_realn_rehead,6,5,4,16,2,2,0,42,25,33,731,4,25,0,1.535029054222401,1.524285804205122,0.6738870019065845,1.037905107435786,0.6931471805599453,0.5929533174474745,0
6fe45113-a972-4513-a09d-7ee22735cc2f_gdc_realn_rehead,3,1,0,13,1,1,0,14,2,0,526,2,5,0,0.8921178708188162,-0.0,0,0.6057560639053264,-0.0,-0.0,0
700b909a-e581-4838-b3c1-b94a6af9094d_gdc_realn_rehead,6,3,1,11,0,1,0,30,12,2,223,0,2,0,1.4403297222866394,1.0114042647073516,-0.0,0.687658355480052,0,-0.0,0
7089a19e-1191-43cb-8eb5-e727e3c11568_gdc_realn_rehead,6,0,3,17,0,2,0,115,0,13,1128,0,8,0,1.362715919056506,0,0.9839614460010255,0.8428274858067432,0,0.5623351446188083,0
71422d62-6272-4057-a44c-dd1933eaa8b8_gdc_realn_rehead,3,1,0,7,0,0,0,12,2,0,159,0,0,0,0.8675632284814612,-0.0,0,0.5051135210037293,0,0,0
71ec6db2-83f0-46c0-bad4-eb6185f424dc_gdc_realn_rehead,1,1,2,8,0,0,0,18,3,5,90,0,0,0,-0.0,-0.0,0.6730116670092565,1.0859685733275206,0,0,0
726e24ff-5bc5-4ca4-ba0e-921acd58de55_gdc_realn_rehead,2,3,0,13,1,3,0,31,6,0,185,17,29,0,0.23921709381651282,1.0986122886681096,0,1.131789728360246,-0.0,0.7175045098358934,0
733f7529-2a95-4998-9ef6-ee51ee94219b_gdc_realn_rehead,1,0,2,12,0,1,0,8,0,4,121,0,8,0,-0.0,0,0.6931471805599453,1.2090695656791939,0,-0.0,0
7340ec23-6cc9-40cc-928a-5e7ef7aee6d2_gdc_realn_rehead,6,3,2,14,1,1,0,122,37,8,650,2,7,0,1.2110878088883898,0.6651177640555062,0.6615632381579821,0.96570079504783,-0.0,-0.0,0
7441bfa1-cfbc-4032-b321-73c63e3e03f4_gdc_realn_rehead,2,0,1,10,2,1,0,6,0,2,82,6,4,0,0.6931471805599453,0,-0.0,1.5881248387120186,0.6365141682948128,-0.0,0
74be9457-39ce-4029-9076-53b0e57d2067_gdc_realn_rehead,5,2,1,17,0,1,0,24,4,85,1387,0,83,0,1.2801199014925229,0.6931471805599453,-0.0,0.2868019659466297,0,-0.0,0
74ed9e1a-5263-4d95-8ff9-63e5dc9b91b1_gdc_realn_rehead,4,2,1,16,0,1,0,18,15,2,1258,0,189,0,1.0027182645175161,0.6365141682948128,-0.0,0.9009827626060896,0,-0.0,0
7505607d-48c9-43ab-bce8-283ff7d6ce6c_gdc_realn_rehead,4,2,2,14,0,1,0,109,5,30,508,0,387,0,0.8589469670333936,0.6730116670092565,0.39267446722755217,0.6718810927607893,0,-0.0,0
7548dffa-bc4a-41f8-aa23-ad733e82706f_gdc_realn_rehead,2,2,0,9,0,2,0,12,7,0,186,0,5,0,0.6791932659915256,0.5982695885852573,0,1.3467624065278923,0,0.6730116670092565,0
755cf943-64da-48f7-9c92-ebda57d9253a_gdc_realn_rehead,1,0,1,10,1,2,0,2,0,3,200,2,11,0,-0.0,0,-0.0,1.0949944412918502,-0.0,0.6554817739013927,0
75f17276-0648-4ecd-9381-82febb3df410_gdc_realn_rehead,3,1,1,8,0,2,0,6,2,7,468,0,30,0,1.0986122886681096,-0.0,-0.0,1.0846246444070362,0,0.39267446722755217,0
761d3c86-fe0a-4e2f-a766-bc55f5eb60ca_gdc_realn_rehead,10,6,2,25,1,1,0,54,84,7,2071,2,69,0,1.8831266989462898,1.4187915648638867,0.6829081047004717,1.0183493717978114,-0.0,-0.0,0
766f3ef2-d1a3-46a8-9881-966e8e2b9b02_gdc_realn_rehead,2,2,0,9,0,1,0,11,4,0,159,0,5,0,0.47413931305783735,0.6931471805599453,0,1.1893399340880921,0,-0.0,0
76a0703a-0540-4ca8-baa8-128a52b0846d_gdc_realn_rehead,7,2,3,19,1,1,0,103,7,9,1268,7,29,0,1.4409980449564392,0.5982695885852573,0.9950269901795212,0.7610377948719275,-0.0,-0.0,0
78c51f79-089a-42e5-acb7-4ba3daef41af_gdc_realn_rehead,3,1,1,18,0,1,0,12,15,2,240,0,5,0,1.0114042647073516,-0.0,-0.0,1.4790624465863156,0,-0.0,0
79c5c92d-4f9b-4495-b9ce-957581959297_gdc_realn_rehead,6,4,2,16,1,2,0,195,34,9,1179,2,41,0,0.8479094413657347,1.1031872178526116,0.5297061990576545,1.0524856798543911,-0.0,0.4570445330375596,0
7bf2426a-6731-4065-a201-8bce925a16f6_gdc_realn_rehead,2,1,1,6,0,1,0,8,2,2,74,0,14,0,0.5623351446188083,-0.0,-0.0,1.1270267711161428,0,-0.0,0
7c655f4f-eb75-41be-9aba-69dd050a6dd9_gdc_realn_rehead,0,0,1,7,0,0,0,0,0,3,85,0,0,0,0,0,-0.0,1.254985393566195,0,0,0
7e92084b-a836-48c0-8868-5704aae62707_gdc_realn_rehead,4,2,2,16,0,0,0,26,5,10,1100,0,0,0,1.2294987330669933,0.6730116670092565,0.5004024235381879,0.3043132964332752,0,0,0
7f274fba-b331-4f6d-b257-66767f383ca8_gdc_realn_rehead,0,0,0,8,0,0,0,0,0,0,22,0,0,0,0,0,0,2.019814992492946,0,0,0
7f52e834-0d94-4b6a-8c0d-3648a26c74c7_gdc_realn_rehead,4,0,2,13,1,1,0,39,0,23,205,2,8,0,1.0491656444292343,0,0.2954391918721161,0.9882537707349737,-0.0,-0.0,0
80146f71-c080-4e91-8965-e385428ba930_gdc_realn_rehead,3,1,1,8,0,0,0,45,2,2,246,0,0,0,0.3615726351677331,-0.0,-0.0,0.8600637296106008,0,0,0
80c84645-5441-4a13-9b44-c5d6b4909d93_gdc_realn_rehead,7,5,1,15,0,1,1,84,86,18,1992,0,8,2,1.3901277741783322,0.43843490176202266,-0.0,0.35006191736450915,0,-0.0,-0.0
8119c9fe-3782-4452-b257-e508264b8fd1_gdc_realn_rehead,6,3,0,13,1,0,0,104,26,0,472,9,0,0,0.8651494578758024,0.7663521182273951,0,1.3457204537114555,-0.0,0,0
81262d4b-a7e0-41fe-a474-03773d38e05e_gdc_realn_rehead,1,0,0,8,0,0,0,45,0,0,100,0,0,0,-0.0,0,0,1.4011106897592915,0,0,0
81b1a729-4023-467f-b33c-036c59ca0942_gdc_realn_rehead,10,6,2,30,1,1,0,96,27,10,1353,5,35,0,1.7537871420544962,1.5613381495602683,0.5004024235381879,1.1035931451570176,-0.0,-0.0,0
821336cd-4fc5-4050-8e19-92549c352dce_gdc_realn_rehead,3,0,1,7,0,0,0,10,0,2,60,0,0,0,0.9502705392332347,0,-0.0,1.1116287666137332,0,0,0
8240cbf4-714b-4f3e-8b66-1d54bcf5700c_gdc_realn_rehead,4,2,2,6,0,1,0,47,43,14,412,0,9,0,0.9720374743467444,0.3594451475127912,0.6829081047004717,0.38814099179937517,0,-0.0,0
829fab3d-092a-48a2-9949-fc3fd625658d_gdc_realn_rehead,1,2,0,10,0,0,0,20,9,0,525,0,0,0,-0.0,0.6869615765973234,0,1.0255421551704886,0,0,0
841873e1-5f4c-4021-945a-59dd15d96f87_gdc_realn_rehead,0,0,0,3,1,1,0,0,0,0,52,2,2,0,0,0,0,0.8225715143524169,-0.0,-0.0,0
8442e31c-0e0a-4106-8113-d8d648ea5139_gdc_realn_rehead,3,2,1,7,0,1,0,12,5,3,179,0,13,0,1.0114042647073516,0.6730116670092565,-0.0,0.8374655897949683,0,-0.0,0
846a989a-1bd0-482f-b093-a34f56557a17_gdc_realn_rehead,3,1,4,8,1,1,0,11,2,20,170,2,2,0,0.9075352941050092,-0.0,0.9404479886553264,1.3066388258008168,-0.0,-0.0,0
84bfd434-d3c1-435c-a185-f30ad364b69e_gdc_realn_rehead,1,2,0,18,0,0,0,2,4,0,273,0,0,0,-0.0,0.6931471805599453,0,1.1882357988580072,0,0,0
853f1e79-a859-434a-af7f-7aca87834957_gdc_realn_rehead,1,0,0,8,0,0,0,2,0,0,86,0,0,0,-0.0,0,0,1.5158318217488032,0,0,0
8552374a-12c5-4454-9ced-93fe870ecf08_gdc_realn_rehead,8,6,4,20,1,1,0,70,69,35,2934,9,15,0,1.6726679596756686,1.4872907231826884,0.7751948743798072,1.1623618814173422,-0.0,-0.0,0
867a69db-f274-40e5-9545-6c40400031be_gdc_realn_rehead,2,0,1,5,0,1,0,4,0,27,158,0,4,0,0.6931471805599453,0,-0.0,0.5753183310271064,0,-0.0,0
86b579b8-0ae6-4497-abd6-96920e08f7eb_gdc_realn_rehead,3,0,0,8,0,0,0,7,0,0,65,0,0,0,1.0789922078775833,0,0,1.5904493331633,0,0,0
8835a464-dcad-469a-8534-0e4c16db92ad_gdc_realn_rehead,9,4,3,15,0,1,0,55,20,10,875,0,2,0,1.9277103505392303,1.2798542258336676,1.0549201679861442,0.981322562017285,0,-0.0,0
8885eb17-5ec1-49c2-aa4e-01c7750f7560_gdc_realn_rehead,4,3,0,15,0,2,0,40,24,0,702,0,5,0,1.1924368463536414,0.7781325481710262,0,0.8114121662716056,0,0.6730116670092565,0
890fb8b9-b15e-4131-9b35-4b6244999caa_gdc_realn_rehead,3,0,0,5,0,0,0,14,0,0,53,0,0,0,1.0933747175566468,0,0,0.9813306865154208,0,0,0
891f2aa5-9a6c-4179-b92f-67a934c073f0_gdc_realn_rehead,1,4,3,13,1,1,0,3,29,6,436,2,7,0,-0.0,1.0600879170863962,1.0986122886681096,0.5159335806791849,-0.0,-0.0,0
89b85540-2c4d-4f9a-8ca1-f5f4d96485f2_gdc_realn_rehead,2,0,0,2,0,1,0,4,0,0,37,0,7,0,0.6931471805599453,0,0,0.21028341228613337,0,-0.0,0
89ec7b58-b42c-45fb-a42f-52a86370d49a_gdc_realn_rehead,0,0,0,4,0,0,0,0,0,0,46,0,0,0,0,0,0,0.7301668894884847,0,0,0
8a036b15-e79e-4e26-8700-cc6ff96ae01f_gdc_realn_rehead,5,4,5,18,1,2,0,52,16,18,1049,2,18,0,1.3380839400029352,1.2130075659799042,1.303092403761719,0.7715719838708374,-0.0,0.5297061990576545,0
8a3e0f0a-4f0e-4f0f-8b3e-9fceba7b5f5f_gdc_realn_rehead,8,4,2,17,0,1,0,88,20,4,645,0,8,0,1.3981011933018272,1.2353468116280648,0.6931471805599453,0.9071526427646983,0,-0.0,0
8aa57653-1e89-444f-82d1-288c5561fbbe_gdc_realn_rehead,5,2,2,20,1,2,0,55,14,6,991,3,67,0,0.9826280615284843,0.6829081047004717,0.6365141682948128,1.2225728233130366,-0.0,0.49201381101080494,0
8acd9f3f-b203-4c9e-b374-326e3566b170_gdc_realn_rehead,0,0,0,10,0,0,0,0,0,0,26,0,0,0,0,0,0,2.2353171380024968,0,0,0
8b67d447-c961-4a6f-abcb-efec920b9066_gdc_realn_rehead,0,1,1,2,0,1,0,0,3,2,44,0,2,0,0,-0.0,-0.0,0.6670936741211575,0,-0.0,0
8cbf17cb-67ca-492f-82be-e749ad6a4b98_gdc_realn_rehead,9,5,3,15,0,1,0,102,15,29,1443,0,5,0,1.7583966126544333,1.5246335284348944,0.9980406958852484,0.7859899961519551,0,-0.0,0
8cda7f9e-1950-431c-ad11-d9f7a106deb7_gdc_realn_rehead,3,1,1,5,0,1,0,12,3,2,180,0,2,0,1.0775563270668007,-0.0,-0.0,0.26696136138288357,0,-0.0,0
8dd74a0e-e86f-472c-952d-c4fab0c679fc_gdc_realn_rehead,3,2,1,9,0,1,0,15,7,2,147,0,39,0,0.7647544195674196,0.5982695885852573,-0.0,1.1391314020878207,0,-0.0,0
8f2741bc-e876-4acb-ab86-b90e88330644_gdc_realn_rehead,6,3,3,17,0,2,0,62,22,10,1352,0,23,0,1.4607879064803466,0.9575556963742231,1.0296530140645737,1.2448747562634965,0,0.2954391918721161,0
8ffe8020-a408-4007-ab84-5883149e36c4_gdc_realn_rehead,8,4,9,14,0,1,0,65,15,38,668,0,27,0,1.6360677321274457,1.3095258353040693,2.055586143763578,0.7540797143336904,0,-0.0,0
90233afc-bc3f-450e-a96c-6f5b754d2749_gdc_realn_rehead,2,0,0,10,0,1,0,4,0,0,162,0,2,0,0.6931471805599453,0,0,1.0817615191219208,0,-0.0,0
911906da-bdde-44bd-9a53-0c676959a8f4_gdc_realn_rehead,0,0,0,5,0,0,0,0,0,0,14,0,0,0,0,0,0,1.4750763110546947,0,0,0
9156b800-c9f6-494f-a832-66907ebf5a42_gdc_realn_rehead,2,1,2,8,0,0,0,17,4,4,491,0,0,0,0.362210557135449,-0.0,0.6931471805599453,0.697002571284601,0,0,0
917a6ffc-9078-487d-b0fb-99708819a6e3_gdc_realn_rehead,3,2,2,10,1,1,0,10,5,7,339,2,4,0,0.9502705392332347,0.6730116670092565,0.5982695885852573,0.7854617578150055,-0.0,-0.0,0
9233b447-8b45-4a8b-b500-1c40459d4c38_gdc_realn_rehead,0,1,0,5,0,0,0,0,2,0,55,0,0,0,0,-0.0,0,0.9974628606851478,0,0,0
923cf96c-4818-443e-848c-d37831c7600b_gdc_realn_rehead,9,4,3,24,1,2,0,413,32,73,1864,110,41,0,1.5930694378584298,1.145934555747078,0.2958203291059326,1.2578168279910191,-0.0,0.6688570623740269,0
92d91508-7894-4d4d-b51e-748c367835ec_gdc_realn_rehead,5,2,0,12,0,2,0,62,7,0,409,0,27,0,1.1422016632162704,0.5982695885852573,0,0.8853156565438514,0,0.5297061990576545,0
9308cfb3-1931-4e3e-92ff-efba26874029_gdc_realn_rehead,4,4,2,17,0,2,0,59,19,55,1508,0,13,0,0.7441417305585157,1.3386718783221463,0.5859526183035508,0.7452694480506673,0,0.4293230219306162,0
932760c0-da82-4c5e-9ded-a16d66ab901f_gdc_realn_rehead,2,0,0,5,0,1,0,12,0,0,78,0,6,0,0.6365141682948128,0,0,1.0665164577906627,0,-0.0,0
93387379-19eb-49d9-8bd8-b788bc34f146_gdc_realn_rehead,0,1,0,7,0,0,0,0,4,0,45,0,0,0,0,-0.0,0,1.274499971337972,0,0,0
93698f1f-65e2-49d6-bc2a-1f7b720e4a35_gdc_realn_rehead,2,0,0,6,0,0,0,7,0,0,159,0,0,0,0.5982695885852573,0,0,0.40727568790534363,0,0,0
953f2f07-f163-43c9-9762-112d07533f4e_gdc_realn_rehead,2,0,0,4,0,0,0,15,0,0,18,0,0,0,0.5799151714181009,0,0,1.0027182645175161,0,0,0
95426575-1918-4dcb-839a-5399bf441b71_gdc_realn_rehead,1,1,2,15,0,0,0,3,2,9,142,0,0,0,-0.0,-0.0,0.6869615765973234,1.9127871857424226,0,0,0
964e7cc2-be12-46c0-9a48-9d680c3b45f2_gdc_realn_rehead,4,3,1,11,2,1,0,34,9,2,239,6,8,0,1.0710178890244566,1.0608569471580214,-0.0,1.0964020453920447,0.6365141682948128,-0.0,0
9689e655-bfe7-4a5d-820d-e10550568e18_gdc_realn_rehead,1,0,0,5,0,0,0,3,0,0,45,0,0,0,-0.0,0,0,1.257066247530682,0,0,0
96c55f10-fe83-4c4a-96ca-9884249e1c5d_gdc_realn_rehead,1,0,0,12,0,1,0,2,0,0,237,0,19,0,-0.0,0,0,1.0464624145189252,0,-0.0,0
97213ae3-3d55-4d5c-9ab7-aaedb58adf91_gdc_realn_rehead,4,2,3,16,0,2,0,39,7,6,706,0,15,0,1.2280767289113275,0.5982695885852573,1.0986122886681096,0.9497449640177482,0,0.6730116670092565,0
97ccb4e0-a0b0-4541-88f9-af010324ab7e_gdc_realn_rehead,2,4,1,9,2,0,0,31,47,3,922,12,0,0,0.38454291975622856,1.0043165214649679,-0.0,0.37240881547535065,0.45056120886630463,0,0
98114139-5bc5-44a9-b2ce-c69093a1dff1_gdc_realn_rehead,4,1,1,11,0,1,0,33,8,4,209,0,4,0,0.8059117496960451,-0.0,-0.0,1.134617618462747,0,-0.0,0
9887451c-e87f-4fac-b552-bf9c31ad8a07_gdc_realn_rehead,3,1,0,15,0,0,0,17,3,0,612,0,0,0,0.9586918593253719,-0.0,0,1.3167235690270025,0,0,0
98de92bf-93b2-4d62-b097-d96c2fcd6f97_gdc_realn_rehead,4,1,1,8,0,1,0,12,2,6,167,0,2,0,1.242453324894,-0.0,-0.0,0.8540950981597054,0,-0.0,0
9ab58d05-8930-4a78-b233-1200279ffc55_gdc_realn_rehead,1,0,1,9,0,0,0,6,0,3,131,0,0,0,-0.0,0,-0.0,1.0643997561910095,0,0,0
9abb3170-120c-4724-84db-664aabd17898_gdc_realn_rehead,3,1,1,8,0,1,0,6,2,2,162,0,6,0,1.0986122886681096,-0.0,-0.0,1.4624122674503388,0,-0.0,0
9ada9975-6670-40c2-9073-05e75d45bc21_gdc_realn_rehead,3,2,2,16,0,1,0,20,6,71,553,0,10,0,0.9972715231823841,0.6931471805599453,0.12831870551552965,1.0598199408653313,0,-0.0,0
9b219189-feb7-42a2-81fd-c35fef0bb8db_gdc_realn_rehead,4,2,1,19,0,2,0,25,42,2,688,0,8,0,1.2095740040820258,0.5750398244780919,-0.0,1.2837907071465227,0,0.5623351446188083,0
9b83c397-a996-4787-8341-710bb990ca45_gdc_realn_rehead,1,0,0,6,0,0,0,14,0,0,40,0,0,0,-0.0,0,0,0.9646946227273333,0,0,0
9c6a2c74-187d-42e2-bcc1-44d26364215d_gdc_realn_rehead,8,2,4,28,3,1,0,389,4,42,1411,10,171,0,1.2581914427771086,0.6931471805599453,0.8757841661911421,1.2055633815416598,0.9502705392332347,-0.0,0
9cd22571-db06-4af5-864f-0628af4d3dbd_gdc_realn_rehead,6,3,1,11,0,1,0,57,10,2,198,0,41,0,1.0832469704853025,1.0296530140645737,-0.0,1.2711103484515363,0,-0.0,0
9d3f9112-751d-4cdd-8cd6-bbe1bb315955_gdc_realn_rehead,1,2,0,10,0,1,0,2,4,0,72,0,2,0,-0.0,0.6931471805599453,0,1.796492578025485,0,-0.0,0
9d428beb-c46f-4adf-8be2-d6e77851c7e7_gdc_realn_rehead,3,2,3,7,0,0,0,41,7,15,193,0,0,0,0.5094585555401876,0.6829081047004717,0.8608513906312316,0.7571733106270574,0,0,0
9d722140-b468-459b-a786-cd7646b56cbb_gdc_realn_rehead,7,7,5,23,0,1,0,37,57,15,1119,0,2,0,1.4333367362758307,1.7474143227397323,1.5867847075280477,1.0196070481396458,0,-0.0,0
9e7fd6f2-ff53-4bda-aeac-2acddcfbf37d_gdc_realn_rehead,5,1,0,19,0,1,0,15,2,0,341,0,3,0,1.5641315026219946,-0.0,0,1.1925034405653359,0,-0.0,0
9edef544-8bc3-4a4a-adba-36223de21586_gdc_realn_rehead,6,7,1,7,0,0,0,19,527,2,781,0,0,0,1.6944150734184462,0.4707003949009389,-0.0,0.2107844195905973,0,0,0
9f760775-9d20-4973-a849-a807f568e525_gdc_realn_rehead,3,1,1,15,0,1,0,38,4,2,262,0,262,0,0.8392695557891106,-0.0,-0.0,1.9143532386325832,0,-0.0,0
9f809399-b8bf-4a21-a703-14464e6594eb_gdc_realn_rehead,4,1,3,3,1,1,0,16,2,20,207,2,9,0,1.0735428464085233,-0.0,0.9745701894462542,0.4083315343883527,-0.0,-0.0,0
9f87923d-0659-4df8-9676-38aded7de3eb_gdc_realn_rehead,1,0,0,4,0,1,0,2,0,0,54,0,2,0,-0.0,0,0,1.327020879882014,0,-0.0,0
9f899358-c9ba-47a2-a264-7915d772dc81_gdc_realn_rehead,1,0,1,7,0,0,0,5,0,6,146,0,0,0,-0.0,0,-0.0,0.5107501758568685,0,0,0
a0793d91-afe3-4f62-b425-3a6f94f92ed9_gdc_realn_rehead,4,5,1,13,0,0,0,24,176,4,1138,0,0,0,1.1056246048218228,0.5456783718906624,-0.0,0.5444374180842393,0,0,0
a09082f9-bad5-4f1c-a398-88baf7401bad_gdc_realn_rehead,0,1,0,5,0,1,0,0,2,0,79,0,2,0,0,-0.0,0,0.8206467397983195,0,-0.0,0
a1b7941c-ce5c-4c52-99fa-be6865291240_gdc_realn_rehead,3,0,0,8,0,0,0,16,0,0,23,0,0,0,0.9002560512685369,0,0,2.0168325557927025,0,0,0
a39f7ad4-bfeb-45ca-bf5c-23c6ff1f0d7a_gdc_realn_rehead,0,0,1,5,0,0,0,0,0,2,80,0,0,0,0,0,-0.0,0.6872074352259846,0,0,0
a4315a1f-9285-4dad-bad4-13c6d1f12516_gdc_realn_rehead,7,2,0,12,0,2,0,65,10,0,567,0,4,0,1.6768411118511202,0.5004024235381879,0,1.2503371343417946,0,0.6931471805599453,0
a4d99f39-4f7a-4cbe-ad25-7b6c25b8e6a1_gdc_realn_rehead,6,0,1,8,0,2,0,40,0,2,1485,0,24,0,1.470527867569436,0,-0.0,0.7246156366295373,0,0.2868359830561607,0
a53b56fb-04c3-402c-9236-0bdbd80da2b8_gdc_realn_rehead,0,0,0,8,0,0,0,0,0,0,44,0,0,0,0,0,0,1.602586700435939,0,0,0
a54c5d55-6974-4261-bf32-b41ee24605d9_gdc_realn_rehead,7,2,1,15,1,0,0,55,73,4,419,2,0,0,1.6435113981680591,0.12557498044903107,-0.0,1.2838982759625637,-0.0,0,0
a599d37f-d90f-44a3-b336-d60ebc12665d_gdc_realn_rehead,11,3,6,23,0,1,0,168,16,35,1009,0,8,0,1.8572208288917047,0.9832739442463889,1.6341474485247307,1.3045034578991517,0,-0.0,0
a5e9d1ee-2e45-4f48-b50d-11f118fc25a2_gdc_realn_rehead,3,1,2,9,0,1,0,10,4,6,211,0,4,0,1.0296530140645737,-0.0,0.6365141682948128,0.7430348805981878,0,-0.0,0
a6292387-ee50-4b41-9e8f-e77107d74a27_gdc_realn_rehead,16,8,7,29,3,3,0,219,159,89,3024,8,75,0,2.011834557221084,1.004216349179211,1.6321241015588013,0.7927449133770358,1.0397207708399179,0.4824093561621198,0
a6fce128-efab-417a-813e-77c5c4ed49dc_gdc_realn_rehead,4,1,0,5,0,0,0,24,8,0,128,0,0,0,1.3191333680541037,-0.0,0,0.665930611502155,0,0,0
a7849c6c-939a-403c-91d4-948dff40c78a_gdc_realn_rehead,5,1,2,14,0,1,0,69,6,14,726,0,2,0,1.3425754507973595,-0.0,0.6517565611726531,1.053083099464361,0,-0.0,0
a8d44728-8193-4fe6-adcc-fe792481fec7_gdc_realn_rehead,1,0,2,9,0,0,0,3,0,14,218,0,0,0,-0.0,0,0.6931471805599453,1.0620032259076342,0,0,0
a9080a2d-bb8a-4632-b18e-f833384425b7_gdc_realn_rehead,3,1,1,14,0,1,0,44,2,4,134,0,9,0,0.5944235381774705,-0.0,-0.0,1.813401046222384,0,-0.0,0
a9fa477c-8299-41e4-aa5d-e0ae6801a201_gdc_realn_rehead,4,3,0,8,1,1,0,189,9,0,725,2,15,0,0.5596470529803926,0.9950269901795212,0,0.312178873850177,-0.0,-0.0,0
aa44f578-7400-4ef8-b1b0-8c369bfda870_gdc_realn_rehead,4,0,4,18,0,0,0,19,0,13,515,0,0,0,1.2968916284109153,0,1.1972375015579317,1.0486944299107033,0,0,0
aaf852e9-65a1-415a-88c1-0c40e0dadf18_gdc_realn_rehead,7,4,0,17,0,1,0,27,15,0,983,0,80,0,1.636668674699664,1.3321790402101223,0,1.1513924217838039,0,-0.0,0
ac3c9707-fb5f-472b-8c05-43ef473f2cf9_gdc_realn_rehead,10,6,5,16,0,1,0,78,296,32,2829,0,192,0,1.691676340706886,1.2024669156272114,1.339518533596558,0.8711234709613489,0,-0.0,0
ac4b4447-432f-4b81-9abc-dff196dd48be_gdc_realn_rehead,7,4,5,26,0,2,0,275,26,18,1949,0,11,0,1.2326882737396796,1.1224702024905615,1.4270610433807247,0.7149103768462375,0,0.5859526183035508,0
ac545a99-b3ab-4917-836b-031903d738d3_gdc_realn_rehead,5,4,1,17,0,0,0,37,16,2,552,0,0,0,1.2896929991883834,1.157373298222901,-0.0,1.020488461048378,0,0,0
ac930f2b-fa81-4cde-96f2-78484b647696_gdc_realn_rehead,2,1,1,7,0,2,0,7,166,55,149,0,45,0,0.6829081047004717,-0.0,-0.0,0.8161755637685146,0,0.18182028230491803,0
ad637a0e-cf79-4abf-b91d-4e3f578149c7_gdc_realn_rehead,5,1,0,8,0,0,0,76,2,0,212,0,0,0,1.4154613534380003,-0.0,0,1.0945389784374777,0,0,0
ada0db16-af3b-43ce-97e0-ffd75e7fcd66_gdc_realn_rehead,0,0,0,8,1,1,0,0,0,0,38,2,5,0,0,0,0,1.7310255598676205,-0.0,-0.0,0
ada7d989-08c8-4639-8298-e0ff3788b030_gdc_realn_rehead,7,2,5,16,0,1,0,100,18,18,1855,0,42,0,1.6586448192983834,0.45056120886630463,1.5089177597971122,0.9932472654568401,0,-0.0,0
af2719bb-3eb8-4d96-add9-3f44ca91e6ae_gdc_realn_rehead,0,0,0,8,0,0,0,0,0,0,45,0,0,0,0,0,0,1.4437774691149001,0,0,0
af288cac-29cd-4451-8d3f-6a32fc3e6ab5_gdc_realn_rehead,4,1,0,7,0,0,0,68,2,0,266,0,0,0,0.6444823624976341,-0.0,0,0.7004143466922591,0,0,0
af360a37-2759-449e-b087-853022490864_gdc_realn_rehead,9,3,2,18,0,1,0,34,50,11,1326,0,31,0,1.8596024887859732,0.33422114621338295,0.6890092384766586,1.2234445951472837,0,-0.0,0
af6c4fb2-34da-4cbb-b72f-69f4de426ced_gdc_realn_rehead,1,0,0,7,0,0,0,2,0,0,113,0,0,0,-0.0,0,0,1.3493576932277458,0,0,0
af946380-8cb3-4066-a814-93dbe06182aa_gdc_realn_rehead,3,0,0,8,0,2,0,11,0,0,194,0,9,0,1.0900596587107838,0,0,1.0479984243682594,0,0.5297061990576545,0
b04cbefe-48d2-40ca-9230-18566adbe9ee_gdc_realn_rehead,1,0,0,10,0,0,0,25,0,0,348,0,0,0,-0.0,0,0,0.6377905668067247,0,0,0
b068f692-cfa5-4af2-afca-25effe6d78bf_gdc_realn_rehead,3,2,1,14,0,1,0,19,5,2,250,0,456,0,0.9426749615639383,0.6730116670092565,-0.0,1.0250814264615071,0,-0.0,0
b06d1e8a-4083-4619-8f19-14bb5250b8bf_gdc_realn_rehead,2,1,1,6,0,0,0,13,2,9,620,0,0,0,0.4293230219306162,-0.0,-0.0,0.3920982021953843,0,0,0
b172cf09-d25d-4865-8acb-866770e3f0d9_gdc_realn_rehead,6,5,1,27,0,1,0,82,14,4,1383,0,6,0,1.293257598778202,1.5498260458782016,-0.0,1.5335301352041726,0,-0.0,0
b2eab631-2e3e-4b65-87fc-a2592b464e45_gdc_realn_rehead,1,1,0,6,0,0,0,2,2,0,81,0,0,0,-0.0,-0.0,0,0.860468144317162,0,0,0
b377ece0-2aa1-47e9-bfe2-bdf45772e5d3_gdc_realn_rehead,2,1,2,18,0,2,1,12,23,4,287,0,4,3,0.45056120886630463,-0.0,0.6931471805599453,1.193832723246206,0,0.6931471805599453,-0.0
b4338016-9ea2-4923-9cf4-64fccafa3fc3_gdc_realn_rehead,3,5,2,13,0,1,0,36,27,9,331,0,12,0,0.9014404944537732,1.572739325265935,0.6365141682948128,0.918610898104257,0,-0.0,0
b437694e-67b5-4bb6-a285-1bc78e52dfa0_gdc_realn_rehead,1,0,1,4,0,1,0,2,0,4,84,0,10,0,-0.0,0,-0.0,0.454163022809658,0,-0.0,0
b4af3d29-7cf7-469b-aab5-a5a3756b86ab_gdc_realn_rehead,0,0,0,5,0,0,0,0,0,0,22,0,0,0,0,0,0,1.309990532826296,0,0,0
b4b4f1c0-619b-4be7-b12d-7a75964145a9_gdc_realn_rehead,0,1,2,7,1,2,0,0,9,8,66,3,4,0,0,-0.0,0.5623351446188083,1.1933312071990436,-0.0,0.6931471805599453,0
b4f01540-6a25-4ef6-8903-d74d639b1a2c_gdc_realn_rehead,4,3,3,10,0,0,0,25,26,13,287,0,0,0,1.204006919010495,0.7435648254271451,1.0100997593541636,1.2017816167698117,0,0,0
b551a3be-3e32-4ae7-823e-0f4753da8965_gdc_realn_rehead,7,4,2,19,0,2,0,200,15,17,1101,0,4,0,0.7025008643794456,1.3397942802855756,0.362210557135449,1.049646983323243,0,0.6931471805599453,0
b6c7b112-81cb-4ae6-b604-1564eabc7aec_gdc_realn_rehead,2,2,1,17,0,0,0,9,5,38,142,0,0,0,0.6365141682948128,0.6730116670092565,-0.0,1.7190698445583366,0,0,0
b7153e44-127c-43c2-a5ab-2f5974d16d48_gdc_realn_rehead,5,2,4,21,0,1,0,58,26,8,2196,0,14,0,1.1904922075052076,0.2711893730418441,1.3862943611198906,1.0774046552254173,0,-0.0,0
b79a9278-cdfb-429b-8439-f78b61b2a463_gdc_realn_rehead,1,3,1,10,0,0,0,7,7,2,218,0,0,0,-0.0,1.0789922078775833,-0.0,0.9173372967936877,0,0,0
b7b8be68-e8b7-44bd-90af-e4ac937c6099_gdc_realn_rehead,1,1,0,6,0,0,0,5,3,0,48,0,0,0,-0.0,-0.0,0,1.314930989614885,0,0,0
b8904881-f41a-4e7b-9b16-7364f4392c29_gdc_realn_rehead,5,1,0,10,0,1,0,33,4,0,383,0,4,0,1.3260659845088394,-0.0,0,0.7991613767326684,0,-0.0,0
b91daf0b-045f-48b9-8323-705e23db9ef8_gdc_realn_rehead,6,3,1,9,0,1,0,49,24,16,372,0,63,0,1.5208376505693622,0.5660857389596289,-0.0,0.5076310255765741,0,-0.0,0
b95bf0a9-afca-47c5-9f48-f7de055e21bc_gdc_realn_rehead,0,0,0,6,0,1,0,0,0,0,53,0,2,0,0,0,0,0.8882766376306926,0,-0.0,0
ba3418e3-a846-47e1-8eb4-e71f17277dad_gdc_realn_rehead,6,4,4,12,1,1,0,211,22,12,998,2,7,0,1.0134108081646427,1.2112465729695872,1.3296613488547582,0.918235344282334,-0.0,-0.0,0
ba5834b9-26c7-4be4-bc36-c6483dfd73de_gdc_realn_rehead,6,5,2,18,0,1,0,54,19,6,552,0,4,0,1.04594402048387,1.5173067399949574,0.6365141682948128,0.8658527573965039,0,-0.0,0
babc500d-32ca-4140-a0b8-0b6026d7a184_gdc_realn_rehead,8,4,1,17,1,1,0,81,34,2,665,2,40,0,1.5995511939316662,1.0414248175226752,-0.0,1.0698946155523634,-0.0,-0.0,0
bbaa6853-6001-4323-a536-efe506d34b9c_gdc_realn_rehead,6,4,1,23,1,0,0,59,12,2,1396,2,0,0,1.701921274101104,1.3579778549873243,-0.0,1.1596070732379005,-0.0,0,0
bc09c87b-2952-412e-a097-7e6fa6773f9f_gdc_realn_rehead,2,0,0,8,0,0,0,4,0,0,99,0,0,0,0.6931471805599453,0,0,1.372435078715411,0,0,0
bcaf7e2c-5a20-4ac8-95f4-7a4d985d6b00_gdc_realn_rehead,1,2,0,8,0,1,0,2,4,0,78,0,3,0,-0.0,0.6931471805599453,0,1.226802958811011,0,-0.0,0
bcc8e80a-c06c-4a1a-b308-9957fc3ca5d4_gdc_realn_rehead,3,1,0,9,0,1,0,7,11,0,164,0,3,0,1.0789922078775833,-0.0,0,0.991052036334026,0,-0.0,0
bd743bbb-643e-4598-9cc1-76b335728875_gdc_realn_rehead,4,4,0,9,0,0,0,24,10,0,217,0,0,0,1.05938459334224,1.3321790402101223,0,0.8695055816047854,0,0,0
be086d64-2023-4de5-b300-798b05b296fc_gdc_realn_rehead,2,0,0,5,0,1,0,4,0,0,56,0,2,0,0.6931471805599453,0,0,1.3239277373588993,0,-0.0,0
be1802ce-9656-4628-8b4d-725cf33b9177_gdc_realn_rehead,4,5,3,21,1,3,0,35,25,7,1455,4,14,0,0.9403626894308732,1.5661456557062858,1.0789922078775833,0.779601248594727,-0.0,1.0042424730540764,0
bf0af5cc-bc1c-4d6f-bd02-b47e61d98340_gdc_realn_rehead,1,0,0,3,0,0,0,2,0,0,17,0,0,0,-0.0,0,0,0.7086880282185832,0,0,0
c0994e02-1842-4736-a010-78275693e2ab_gdc_realn_rehead,5,2,1,21,0,1,0,29,6,2,1026,0,18,0,1.2861023513106895,0.6365141682948128,-0.0,0.6212733308244435,0,-0.0,0
c09dfd1e-73dd-467e-819a-f3ecb74ada72_gdc_realn_rehead,3,0,1,9,0,0,0,18,0,25,279,0,0,0,0.9580002800887726,0,-0.0,0.7182817254643197,0,0,0
c0c2b41b-a1ab-4807-8884-031bcf0f2d78_gdc_realn_rehead,7,6,3,18,0,1,0,203,24,8,1014,0,8,0,1.238182611496962,1.59741671248676,1.0821955300387673,0.8258553185160372,0,-0.0,0
c0ea0338-0bfb-4efa-a782-1c8b64b497b9_gdc_realn_rehead,6,1,1,11,1,1,0,21,2,4,434,102,161,0,1.715506376172396,-0.0,-0.0,0.5699847686339945,-0.0,-0.0,0
c1c5ced4-6edd-49fb-aa3e-39fb4fcb160a_gdc_realn_rehead,2,1,2,14,0,1,0,11,2,12,290,0,2,0,0.47413931305783735,-0.0,0.45056120886630463,1.1596481892518469,0,-0.0,0
c292261b-d8e9-4245-936a-884d0c5f2544_gdc_realn_rehead,8,2,5,25,0,1,0,35,10,30,1151,0,4,0,1.997330754923633,0.5004024235381879,1.5265709450228264,0.9673821574386725,0,-0.0,0
c3eb5df6-2a9d-4a29-b59e-f61957650342_gdc_realn_rehead,2,0,2,10,1,1,0,7,0,30,713,4,4,0,0.5982695885852573,0,0.5004024235381879,0.44550744439334755,-0.0,-0.0,0
c4136b84-6002-46f2-ad53-6357680c46c4_gdc_realn_rehead,0,0,1,4,0,0,0,0,0,2,38,0,0,0,0,0,-0.0,1.0937704472491416,0,0,0
c4ad66f0-aeaa-4403-83f2-9de01fbdf121_gdc_realn_rehead,3,2,1,18,0,0,0,20,16,165,738,0,0,0,0.9502705392332347,0.6210863745552451,-0.0,1.1565090238285445,0,0,0
c53a091b-d7e6-4dbb-9fb1-b79798e3be40_gdc_realn_rehead,9,8,3,23,1,2,0,305,88,65,1959,2,73,0,0.8116757813214238,1.7202790290130978,0.8530054471194422,1.0770209640670299,-0.0,0.693053351391456,0
c60209c8-100c-49b0-b218-b587d8c160d4_gdc_realn_rehead,2,2,0,6,0,0,0,32,8,0,125,0,0,0,0.37677016125643675,0.6931471805599453,0,0.43817263788265015,0,0,0
c6173474-4555-47b3-8e79-08b77529d305_gdc_realn_rehead,4,1,1,10,0,1,0,73,3,2,711,0,56,0,0.8660091042174644,-0.0,-0.0,0.9818264496811787,0,-0.0,0
c62f1332-cebf-46a8-a448-a5b8e9882076_gdc_realn_rehead,1,1,0,9,0,0,0,2,4,0,94,0,0,0,-0.0,-0.0,0,1.00931964480051,0,0,0
c647c365-4730-45de-8fec-2e4b4210a25a_gdc_realn_rehead,9,2,5,10,1,1,0,98,9,27,859,2,51,0,1.655036154748999,0.6365141682948128,1.2779221760883268,0.4765981877140725,-0.0,-0.0,0
c6ce140f-895e-4384-8a91-d359f192b805_gdc_realn_rehead,1,0,0,5,0,2,0,8,0,0,80,0,6,0,-0.0,0,0,0.9723285768257336,0,0.6365141682948128,0
c6edc4ab-9844-45e2-8f04-e66c7280329b_gdc_realn_rehead,4,1,2,12,1,1,0,26,2,5,281,2,2,0,0.8729901460058482,-0.0,0.6730116670092565,1.168316667481576,-0.0,-0.0,0
c6fef9a2-3a47-4e2f-abf8-47a8eabaed17_gdc_realn_rehead,5,2,6,21,0,1,0,117,14,21,2797,0,34,0,0.8093319194701996,0.6829081047004717,1.6859123928607944,0.6566670033105187,0,-0.0,0
c704a41c-b658-40bd-82ee-f417a8860d4a_gdc_realn_rehead,1,0,1,9,0,0,0,2,0,2,113,0,0,0,-0.0,0,-0.0,1.247743466386401,0,0,0
c724c63a-bd1c-4c3a-bb6e-a45851bc1cff_gdc_realn_rehead,0,0,0,3,0,0,0,0,0,0,17,0,0,0,0,0,0,0.8739004142690672,0,0,0
c739403e-b979-448f-87d5-eaef6b7cc829_gdc_realn_rehead,3,2,0,16,0,0,0,27,5,0,444,0,0,0,1.0091366718296015,0.6730116670092565,0,0.9093796644672548,0,0,0
c79b1fee-717f-4bda-a7ce-79fa09f704e3_gdc_realn_rehead,3,0,0,6,0,0,0,8,0,0,105,0,0,0,1.0397207708399179,0,0,0.5024296468826257,0,0,0
c7db9199-aa72-49b6-824a-4513d49bf40b_gdc_realn_rehead,11,6,4,18,1,1,0,108,89,14,1246,5,49,0,1.5937151451578206,0.9916917325871157,1.277034259466139,0.7671246192252426,-0.0,-0.0,0
c8a86902-3b21-4dd8-afca-231838fafbcb_gdc_realn_rehead,6,3,3,19,1,1,0,58,9,17,568,6,16,0,1.6827383217592786,1.0608569471580214,0.8938885362449964,1.0200771911755508,-0.0,-0.0,0
c9ac23a7-7132-4a77-b0b4-02421392b007_gdc_realn_rehead,7,1,1,16,0,1,0,35,2,6,424,0,2,0,1.609294525345174,-0.0,-0.0,1.144384644421965,0,-0.0,0
ca97ca14-28e1-45d3-b1b4-3976528c87d3_gdc_realn_rehead,5,1,2,14,0,0,0,15,2,4,153,0,0,0,1.5641315026219946,-0.0,0.6931471805599453,1.6734833321879965,0,0,0
cbde09af-ba6c-4271-ad17-cd8eba0953da_gdc_realn_rehead,2,0,0,3,0,1,0,4,0,0,23,0,2,0,0.6931471805599453,0,0,0.7400116657311008,0,-0.0,0
cbff9d45-b584-436a-8eb5-105282b7e108_gdc_realn_rehead,1,1,0,3,0,0,0,2,3,0,32,0,0,0,-0.0,-0.0,0,0.65619279201862,0,0,0
cc3ad632-c9d1-4d39-a88e-d96e16546502_gdc_realn_rehead,2,2,0,9,1,0,0,26,4,0,205,6,0,0,0.2711893730418441,0.6931471805599453,0,0.517283400137586,-0.0,0,0
ccbc3839-3872-4593-8470-0d2fafef8b43_gdc_realn_rehead,3,2,2,15,1,1,0,31,4,4,387,2,4,0,0.7902195307190024,0.6931471805599453,0.6931471805599453,1.1169619139266471,-0.0,-0.0,0
ce808b0c-3489-40a1-bd93-6560a86eadf9_gdc_realn_rehead,2,0,1,15,1,0,0,37,0,2,270,2,0,0,0.443237908471039,0,-0.0,1.3757029068019633,-0.0,0,0
cf295bbd-412b-4069-8b65-5e2aeafa5860_gdc_realn_rehead,2,0,1,12,0,1,0,9,0,2,238,0,7,0,0.5297061990576545,0,-0.0,1.3296926234614,0,-0.0,0
cf848204-ab90-43d5-b51a-636e2ea53251_gdc_realn_rehead,2,0,0,13,0,1,0,18,0,0,181,0,2,0,0.6869615765973234,0,0,0.7893541549133897,0,-0.0,0
cfa6da64-1aaf-4768-b0e2-441f107b20b5_gdc_realn_rehead,1,0,0,2,0,1,0,2,0,0,344,0,2,0,-0.0,0,0,0.03572431308115751,0,-0.0,0
cfb9de97-4c33-4dc1-a215-eada38f46002_gdc_realn_rehead,0,0,0,8,1,0,0,0,0,0,155,2,0,0,0,0,0,1.0887740094027436,-0.0,0,0
d04d83a4-fbe1-4b6a-a48d-2950394a67bb_gdc_realn_rehead,0,0,0,5,0,0,0,0,0,0,47,0,0,0,0,0,0,1.1076207409673537,0,0,0
d0979620-999f-44c7-9e8b-44548f7927ef_gdc_realn_rehead,0,0,0,3,0,0,0,0,0,0,24,0,0,0,0,0,0,0.8675632284814612,0,0,0
d0a10942-3ebe-4702-8a98-49be26383c1d_gdc_realn_rehead,4,2,2,9,0,0,0,31,5,8,558,0,0,0,1.2673498972464814,0.6730116670092565,0.5623351446188083,0.5881539517487201,0,0,0
d200955d-d630-4f29-9751-49b426799910_gdc_realn_rehead,0,0,0,5,0,0,0,0,0,0,20,0,0,0,0,0,0,1.4184836619456564,0,0,0
d21f8c84-d0e2-421e-bcb8-5235fc94e8b0_gdc_realn_rehead,7,3,1,14,0,1,0,24,14,5,687,0,32,0,1.8130990180764117,0.7963116401738131,-0.0,1.002336617407254,0,-0.0,0
d31d667b-4a5a-4e59-87fb-cc7503d52fd1_gdc_realn_rehead,0,0,2,3,0,0,0,0,0,5,33,0,0,0,0,0,0.6730116670092565,0.69018190091517,0,0,0
d3467666-fc2e-41f7-95d2-215c7e36c715_gdc_realn_rehead,2,1,1,8,0,0,0,19,6,2,187,0,0,0,0.6917614988524178,-0.0,-0.0,1.4101988650058424,0,0,0
d42a6fe0-8988-43ec-93fb-eec85f3dfd62_gdc_realn_rehead,5,2,0,20,0,0,0,32,9,0,784,0,0,0,1.0480110144206205,0.6869615765973234,0,1.4459775664994674,0,0,0
d4da4d75-2b9d-4452-a759-fc1b95424d1a_gdc_realn_rehead,9,7,3,15,0,1,0,868,42,11,575,0,24,0,0.8598770004941754,1.7785364035463005,0.9075352941050092,0.8591304481048407,0,-0.0,0
d58dcefa-3885-4908-a31d-f3ec29731b89_gdc_realn_rehead,2,0,0,9,0,1,0,4,0,0,168,0,2,0,0.6931471805599453,0,0,0.8593880023631301,0,-0.0,0
d695f549-ae64-4250-bc73-0797ae12dbb9_gdc_realn_rehead,6,3,0,16,1,1,0,124,8,0,224,6,2,0,0.7711837544687076,1.0397207708399179,0,1.420018378651707,-0.0,-0.0,0
d6fd59c2-67e4-4210-b767-49a70081e088_gdc_realn_rehead,10,3,3,11,0,2,0,107,30,25,1501,0,4,0,2.0524131619444494,0.8532361505557784,0.6350047569400391,0.6497352418871511,0,0.6931471805599453,0
d7e713bb-dfc3-44d4-bef8-0cea378021f3_gdc_realn_rehead,2,1,0,11,0,1,0,4,2,0,116,0,6,0,0.6931471805599453,-0.0,0,1.082872230369601,0,-0.0,0
d8183508-e323-4a1f-ac65-4b89c848247f_gdc_realn_rehead,3,5,1,10,0,1,0,37,41,2,1099,0,6,0,0.6142439731753446,1.1680579376531854,-0.0,1.1258415796305217,0,-0.0,0
d8a50613-18b9-4b66-bbb2-2e602181e159_gdc_realn_rehead,2,3,3,11,1,1,0,11,13,8,589,2,2,0,0.6890092384766586,0.9251290835720822,1.0397207708399179,0.6717406484499396,-0.0,-0.0,0
d8bf6c8b-b1ef-4bd2-80dd-4942a92004ff_gdc_realn_rehead,4,1,2,12,0,1,0,35,10,261,812,0,13,0,1.069538923430309,-0.0,0.18649492449829422,0.9796132446203946,0,-0.0,0
d908f378-a7f0-4f06-8e44-1da223489b11_gdc_realn_rehead,6,1,3,19,2,2,0,83,7,33,1097,4,60,0,0.8055128858973639,-0.0,0.8753644152637776,0.8424810216841022,0.6931471805599453,0.5226565800992218,0
db070141-5d9d-448c-9f97-a0737762c9c2_gdc_realn_rehead,1,0,0,6,1,1,0,5,0,0,71,3,18,0,-0.0,0,0,0.7181015097258708,-0.0,-0.0,0
db5ec268-8a17-42af-98c9-b9101ba35b4e_gdc_realn_rehead,5,3,3,23,1,0,0,30,15,14,762,2,0,0,1.2493754717981955,0.9908353864438493,0.8921178708188161,0.7365033162309059,-0.0,0,0
dbfa3bd7-1875-4d2f-9ff2-3c44e7f00a63_gdc_realn_rehead,3,3,1,11,0,1,0,20,50,2,475,0,6,0,0.926506603289533,0.847006627667739,-0.0,0.6232729632037198,0,-0.0,0
dc959928-cf3f-4086-b677-6781aabcd9cf_gdc_realn_rehead,0,0,0,6,0,0,0,0,0,0,17,0,0,0,0,0,0,1.6807679837119676,0,0,0
dd5bc467-74b5-4e1f-95f5-0a7ce776d5d8_gdc_realn_rehead,2,1,1,10,0,0,0,5,4,2,72,0,0,0,0.6730116670092565,-0.0,-0.0,1.3540112724862496,0,0,0
ddd400df-3376-447a-859b-7415a679eb46_gdc_realn_rehead,5,0,2,8,0,1,0,14,0,12,209,0,19,0,1.5317780787913655,0,0.6791932659915256,0.569303288276426,0,-0.0,0
de162e91-f450-4632-8779-d24839cd7769_gdc_realn_rehead,2,0,0,5,0,1,0,31,0,0,75,0,69,0,0.3179367802622418,0,0,0.6686536335424099,0,-0.0,0
de1a0b2a-4889-4f85-97de-f76b326810be_gdc_realn_rehead,5,1,1,9,0,1,0,32,2,6,460,0,27,0,1.287141229839798,-0.0,-0.0,0.7126040694995499,0,-0.0,0
de3be65f-e5f2-4cd1-8617-c8ca750d26c6_gdc_realn_rehead,6,0,3,16,2,1,0,30,0,12,653,4,26,0,1.172993472439513,0,1.0114042647073516,0.8049907722202216,0.6931471805599453,-0.0,0
df2b8be0-d350-4040-b7e0-3010af884088_gdc_realn_rehead,4,3,1,14,0,3,0,8,22,7,576,0,7,0,1.3862943611198906,1.0376517997982746,-0.0,1.0838079472773452,0,1.0789922078775833,0
df3bbe0f-5c32-4a81-9826-95ddf6c023d9_gdc_realn_rehead,1,1,1,6,1,1,0,5,2,2,287,4,2,0,-0.0,-0.0,-0.0,0.4361756568483296,-0.0,-0.0,0
df879d51-77e7-4e0e-a971-fee30a730693_gdc_realn_rehead,2,3,2,12,0,0,0,29,14,5,233,0,0,0,0.6193762897414465,0.7963116401738131,0.6730116670092565,0.8719914353779108,0,0,0
e1401cdb-f005-41c9-b6bc-4d0f16b9fe0a_gdc_realn_rehead,5,2,0,10,0,0,0,31,8,0,193,0,0,0,1.4522751561411253,0.6931471805599453,0,0.9648555172145596,0,0,0
e2719657-ea1e-4320-8ddf-71d6d38edc59_gdc_realn_rehead,10,1,2,14,0,0,0,1590,2,34,2538,0,0,0,0.875642702455252,-0.0,0.605797499372304,0.3807760904436653,0,0,0
e3a8f442-5157-4153-8ca1-9dfb11b8992c_gdc_realn_rehead,1,2,1,7,0,0,0,6,7,3,220,0,0,0,-0.0,0.5982695885852573,-0.0,0.9218988609537095,0,0,0
e3d8e66a-e824-4cd9-8286-82ea6e89c61b_gdc_realn_rehead,2,0,3,12,0,0,0,18,0,9,100,0,0,0,0.5297061990576545,0,1.0608569471580214,1.4170427657753,0,0,0
e43a9fd6-972b-47a1-9980-3a48d6c319cc_gdc_realn_rehead,5,1,1,10,0,0,0,21,5,2,195,0,0,0,1.395024629977512,-0.0,-0.0,0.7037621657333317,0,0,0
e4772ebe-e255-414a-9a45-c8cb8da4cf3e_gdc_realn_rehead,4,2,5,19,2,1,1,26,8,33,561,15,19,2,1.1569876443452742,0.6615632381579821,1.434421284391883,1.3366998349236674,0.5004024235381879,-0.0,-0.0
e4d6bbe2-27f8-4e94-bc61-d1461699b303_gdc_realn_rehead,5,1,1,10,0,2,0,19,2,2,194,0,23,0,1.392908362120903,-0.0,-0.0,0.7241432344492742,0,0.6460905050608089,0
e517a5a8-7e15-4a0d-a9ad-8043e9e219ed_gdc_realn_rehead,4,1,0,14,0,0,0,18,2,0,534,0,0,0,1.2148896539491203,-0.0,0,0.7544160332136058,0,0,0
e5202865-61df-41d8-8b86-214f9c31dee9_gdc_realn_rehead,2,0,1,15,0,1,0,12,0,2,115,0,2,0,0.6365141682948128,0,-0.0,1.8698952791258299,0,-0.0,0
e520ef9a-1809-4173-8ecb-5d27ce34e289_gdc_realn_rehead,3,2,0,11,0,0,0,42,4,0,466,0,0,0,0.8787513508906517,0.6931471805599453,0,1.2957613957968623,0,0,0
e5a46b37-23a4-4314-bf69-0bc355587db8_gdc_realn_rehead,2,0,1,6,0,0,0,13,0,2,69,0,0,0,0.4293230219306162,0,-0.0,0.8636149250077805,0,0,0
e61b8a2e-0004-4dec-ac69-8a6f1bd91267_gdc_realn_rehead,1,0,0,6,0,0,0,3,0,0,22,0,0,0,-0.0,0,0,1.540305825226517,0,0,0
e6546ed1-a2ce-4e0d-bc91-4d8eafafd320_gdc_realn_rehead,6,6,3,18,1,2,0,43,74,19,2196,4,95,0,1.6522769059199285,1.434025255308605,1.0132690262497301,0.7121634231746846,-0.0,0.6685120770791869,0
e7a13a3e-e7d4-460b-a3ed-3743c53539e8_gdc_realn_rehead,4,0,2,12,0,1,0,60,0,9,241,0,11,0,1.1254938628592168,0,0.5297061990576545,0.9767055753961859,0,-0.0,0
e83ffc55-add9-4950-9bc4-d6b096b41b85_gdc_realn_rehead,0,0,1,8,1,0,0,0,0,2,126,3,0,0,0,0,-0.0,1.3334253347493703,-0.0,0,0
e8a61b15-385b-4315-8186-d5861329d1af_gdc_realn_rehead,8,3,0,12,0,1,0,189,27,0,557,0,49,0,1.2290142910602468,0.9429491606819863,0,1.0784338609948423,0,-0.0,0
e958ee07-138e-4a6d-a636-162fb43415f7_gdc_realn_rehead,1,0,0,8,0,0,0,4,0,0,37,0,0,0,-0.0,0,0,1.6050033494567473,0,0,0
eb1730cb-d70f-42c0-baff-9c184624fafe_gdc_realn_rehead,1,2,0,12,1,2,0,4,4,0,459,6,49,0,-0.0,0.6931471805599453,0,1.053062377809398,-0.0,0.2827388800668725,0
ebf6d5b9-6359-46d9-9e73-066a15b5f903_gdc_realn_rehead,5,2,3,12,0,1,0,67,7,8,591,0,4,0,0.5784177751960956,0.5982695885852573,1.0397207708399179,0.7148965369688605,0,-0.0,0
ec1f4523-1e3c-40ea-b1ca-9c8d45c4b2f1_gdc_realn_rehead,6,5,3,16,0,0,0,31,425,12,1203,0,0,0,1.415706678015184,0.7995850237909374,0.9596147939120492,0.6584965678179173,0,0,0
ec3083b6-01bf-4786-b497-6386cf8c8c2f_gdc_realn_rehead,0,0,1,5,0,0,0,0,0,2,19,0,0,0,0,0,-0.0,1.264332376784249,0,0,0
ec45c6b7-4f9d-4ed0-88c5-e299bb080796_gdc_realn_rehead,2,0,0,5,0,2,0,48,0,0,132,0,5,0,0.1732052067491771,0,0,0.765146920583685,0,0.6730116670092565,0
ed62afa2-3aba-4145-87cf-81fd83995bcc_gdc_realn_rehead,5,2,2,14,0,1,0,83,10,8,948,0,34,0,0.8176651851983642,0.6730116670092565,0.5623351446188083,0.6454881680723167,0,-0.0,0
ede95e93-3dbc-4466-a13b-3760fdac6725_gdc_realn_rehead,2,2,0,7,0,0,0,45,4,0,109,0,0,0,0.5004024235381879,0.6931471805599453,0,0.6412937419691087,0,0,0
edec2c3f-f55f-49f8-aef2-06a59b916223_gdc_realn_rehead,4,3,0,14,1,1,0,20,12,0,970,25,2,0,1.2206072645530173,1.0775563270668007,0,0.5057029364967729,-0.0,-0.0,0
edf8425b-8f0e-46d0-9414-c3c34bdd1825_gdc_realn_rehead,0,0,1,8,0,1,0,0,0,2,90,0,5,0,0,0,-0.0,1.3952357675026867,0,-0.0,0
eea9c3ca-f66c-471e-8de8-b13af4bc3035_gdc_realn_rehead,2,1,1,17,0,1,0,7,3,2,150,0,3,0,0.5982695885852573,-0.0,-0.0,1.7719947824655,0,-0.0,0
ef02f153-1aa1-443b-a2ec-acfb0d4df642_gdc_realn_rehead,1,3,0,10,0,1,0,6,13,0,238,0,3,0,-0.0,0.8305178252872478,0,1.4735766352628765,0,-0.0,0
ef7f7b28-be50-473c-8ef2-024df14ab9db_gdc_realn_rehead,3,0,1,7,0,0,0,16,0,3,319,0,0,0,0.9470571522825083,0,-0.0,0.33243667033868435,0,0,0
ef83997e-5078-41b9-88bb-c8a7797de7b9_gdc_realn_rehead,4,1,1,10,0,0,0,41,5,2,549,0,0,0,0.7591609066751607,-0.0,-0.0,0.5185026639746165,0,0,0
efdefcf1-058e-4a6f-94f7-025281072a57_gdc_realn_rehead,1,0,0,5,0,0,0,2,0,0,21,0,0,0,-0.0,0,0,1.4730706252315882,0,0,0
f0230c35-06f0-4ef2-ad92-cdead9cd3612_gdc_realn_rehead,9,5,1,18,0,2,0,88,27,5,1195,0,237,0,1.965634814270534,1.4198905566058655,-0.0,1.5582776821562603,0,0.45394067815647643,0
f0834293-e53f-4da7-98d2-58c8c806ece4_gdc_realn_rehead,3,1,1,6,0,0,0,8,2,4,71,0,0,0,1.0397207708399179,-0.0,-0.0,1.1548953126579464,0,0,0
f1e561b4-5885-4237-aad3-b8d3086a4a91_gdc_realn_rehead,3,3,2,10,0,1,0,15,6,33,222,0,7,0,0.9276173343271816,1.0986122886681096,0.22863187358286127,1.2051268628967833,0,-0.0,0
f2d675c9-7f81-4316-ab53-32603e23cef2_gdc_realn_rehead,3,0,2,9,0,0,0,13,0,4,223,0,0,0,1.0123308391031733,0,0.6931471805599453,0.7197726098228241,0,0,0
f30a90f0-d618-4203-84ec-1a541c937422_gdc_realn_rehead,3,3,1,12,0,1,0,33,26,8,598,0,3,0,0.45335096171352485,0.7902679680745903,-0.0,1.0391135611589557,0,-0.0,0
f352439c-7abf-4d58-8cd2-d2f8293e01b8_gdc_realn_rehead,11,4,5,23,1,1,0,290,116,50,785,2,2,0,1.1693289742369934,0.4118272761554172,1.2680732644138248,1.3310508746681913,-0.0,-0.0,0
f3b4ecc6-9529-4e99-8c82-097c79cdb18d_gdc_realn_rehead,0,1,0,4,0,0,0,0,2,0,37,0,0,0,0,-0.0,0,0.9851781640792296,0,0,0
f493fc9c-abd8-4623-b03b-6300c13a3198_gdc_realn_rehead,9,4,4,20,0,2,0,149,20,15,1004,0,23,0,1.8492759977788094,1.0250939117917865,1.3397942802855758,0.7981536276037158,0,0.6145033203107282,0
f4f6d8c0-a78d-4ee1-93e1-48a8c9d23cb4_gdc_realn_rehead,9,2,4,17,1,1,0,75,7,23,554,2,28,0,1.9134536518783416,0.5982695885852573,1.2075153250376989,1.2451444968954002,-0.0,-0.0,0
f51b0451-6e87-478f-be27-e435716baa58_gdc_realn_rehead,7,1,3,22,2,2,0,57,2,7,1187,4,18,0,1.5010769499307972,-0.0,1.0789922078775833,0.9943228077308566,0.6931471805599453,0.34883209584303193,0
f65f08cc-70e8-4ff0-b96f-2105c8e9e3b5_gdc_realn_rehead,3,0,0,6,0,1,0,15,0,0,93,0,11,0,0.9276173343271816,0,0,0.7794104330313835,0,-0.0,0
f6964ff1-86fc-4c15-9c8a-6483e730d6ca_gdc_realn_rehead,2,1,0,6,0,1,0,8,2,0,69,0,2,0,0.6615632381579821,-0.0,0,1.2898093382934241,0,-0.0,0
f6ad3404-02e4-43cf-9635-53194a0ce6eb_gdc_realn_rehead,9,4,3,22,1,2,0,134,20,20,1895,2,38,0,1.710013546644543,1.2798542258336674,0.7305880613711224,0.8922669224789833,-0.0,0.6236548495681085,0
f6bbc724-a65b-4dff-bf3f-8860c8f3f6c0_gdc_realn_rehead,1,0,0,16,0,1,0,15,0,0,166,0,8,0,-0.0,0,0,1.8034546689706863,0,-0.0,0
f80010ab-f72c-4bca-864d-e36fef38d2f6_gdc_realn_rehead,3,2,2,9,0,1,0,37,10,11,638,0,9,0,0.6436630411281172,0.6730116670092565,0.5859526183035508,0.3532710323574549,0,-0.0,0
f9b76a95-3662-4d4f-af06-0c2c270934fe_gdc_realn_rehead,3,0,1,15,0,1,0,16,0,3,528,0,28,0,1.094780226007948,0,-0.0,1.1759810046602193,0,-0.0,0
fa7246ef-c9ef-4494-9a5c-31b6eb90e802_gdc_realn_rehead,4,4,1,13,0,1,0,51,16,2,632,0,33,0,1.138355104751407,1.157373298222901,-0.0,0.9771561085915352,0,-0.0,0
fa78346e-fefc-402c-90ed-9eb47b7535c9_gdc_realn_rehead,0,0,1,10,0,0,0,0,0,2,99,0,0,0,0,0,-0.0,1.5041416870373128,0,0,0
fa873c9a-307c-4648-bc8e-7f378cba203b_gdc_realn_rehead,1,1,1,9,0,0,0,14,4,2,262,0,0,0,-0.0,-0.0,-0.0,0.9028537731651632,0,0,0
faa037d3-17a1-4fc7-a97d-b1cc7939b63a_gdc_realn_rehead,0,0,0,6,0,1,0,0,0,0,22,0,2,0,0,0,0,1.5557511922079166,0,-0.0,0
fab69797-095e-43b5-bb4f-1352f189b74b_gdc_realn_rehead,5,0,2,16,1,1,0,36,0,4,188,2,2,0,1.0255884202775354,0,0.6931471805599453,1.6877086858298231,-0.0,-0.0,0
fb0ea13e-3101-49ea-a6c7-16bd08e1f4e7_gdc_realn_rehead,7,5,4,25,1,1,0,165,43,30,5142,11,69,0,1.4569986307237934,1.3107942081965493,1.0832550105185086,0.4285457173365202,-0.0,-0.0,0
fb58711e-3506-44e3-b668-e69a823a2f81_gdc_realn_rehead,3,1,0,9,0,0,0,26,3,0,62,0,0,0,0.8587409130062869,-0.0,0,1.3725798006901755,0,0,0
fb891a85-37cc-4dd6-a809-7a0ebbb9ad62_gdc_realn_rehead,2,0,1,3,0,0,0,4,0,2,11,0,0,0,0.6931471805599453,0,-0.0,0.9949236325717751,0,0,0
fb9ed024-85f7-4d1d-95a1-fc8dd94b9fd7_gdc_realn_rehead,1,2,1,13,0,0,0,2,4,2,231,0,0,0,-0.0,0.6931471805599453,-0.0,1.1273136371393668,0,0,0
fc1eb4dd-f37e-4083-81cf-1f66df5d9e35_gdc_realn_rehead,3,2,1,10,0,0,0,26,5,7,203,0,0,0,0.7663521182273951,0.6730116670092565,-0.0,1.4138805103396501,0,0,0
fc54ebaf-5f7e-4f81-964d-832b771fec36_gdc_realn_rehead,2,0,0,15,2,0,0,7,0,0,245,13,0,0,0.6829081047004717,0,0,1.341028545074022,0.4293230219306162,0,0
fcbdf83c-a4a2-4af4-ab23-8d7371516786_gdc_realn_rehead,6,1,2,13,0,1,0,191,2,4,316,0,52,0,0.4172035954209276,-0.0,0.6931471805599453,1.2480849478895848,0,-0.0,0
fd115281-11b4-40c6-8630-302d801c1a2b_gdc_realn_rehead,3,2,2,10,0,1,0,1331,5,52,470,0,14,0,0.11953992860464362,0.6730116670092565,0.22057003640017672,0.763218574360947,0,-0.0,0
fd89981a-e0ad-425b-a456-60edba4bd7a5_gdc_realn_rehead,4,3,1,13,0,3,0,41,29,6,1705,0,23,0,0.7674486645676191,0.4967963698504464,-0.0,0.7702859560452929,0,0.9183987247993114,0
ff2933b8-ae30-4496-9c79-3a99c10961a2_gdc_realn_rehead,4,2,0,11,1,0,0,16,5,0,193,2,0,0,1.3334730391185026,0.6730116670092565,0,1.3030236369015713,-0.0,0,0
ff339b43-5721-4531-a826-e6f3fec3eda5_gdc_realn_rehead,0,0,0,2,0,0,0,0,0,0,12,0,0,0,0,0,0,0.6365141682948128,0,0,0
ff66bffd-adb7-4988-b1b9-fee069234eff_gdc_realn_rehead,9,4,2,18,0,1,0,228,13,10,1436,0,653,0,1.5911088272231433,1.3516811946858949,0.6730116670092565,1.0893179618523492,0,-0.0,0
ffcb5ac6-a396-4fae-a4f5-08760f13e96c_gdc_realn_rehead,2,0,0,7,1,0,0,8,0,0,249,2,0,0,0.5623351446188083,0,0,0.43956164922950675,-0.0,0,0
