CDR3,count,relative.frequency
CAANSDHLNF,2,6.436663233779608e-05
CAASGFTFSNF,3,9.654994850669413e-05
CAATVDFQARF,2,6.436663233779608e-05
CAENRGYGNKLVF,2,6.436663233779608e-05
CAFGAQKLVF,3,9.654994850669413e-05
CAKSGDYF,9,0.0002896498455200824
CALPISEPKGF,2,6.436663233779608e-05
CAPAAFLGF,2,6.436663233779608e-05
CARAPKRLF,69,0.002220648815653965
CARDCAF,2,6.436663233779608e-05
CARDFGVITF,2,6.436663233779608e-05
CARDFGVSTF,3,9.654994850669413e-05
CARDLAGF,15,0.0004827497425334707
CARDSGF,6,0.00019309989701338825
CAREGF,2,6.436663233779608e-05
CAREGGTTTF,18,0.0005792996910401648
CARGF,4,0.00012873326467559217
CARGPLVITF,43,0.0013838825952626158
CARGPRVYYF,49,0.001576982492276004
CARPSCSF,3,9.654994850669413e-05
CARQGAYQYNF,12,0.0003861997940267765
CARVQFGDYATF,2,6.436663233779608e-05
CASASYPEGNF,9,0.0002896498455200824
CASGSTF,4,0.00012873326467559217
CASLKTGTTGF,57,0.0018344490216271885
CASYTSGSTPLVF,4,0.00012873326467559217
CATTFGDF,11,0.00035401647785787845
CAVGDSSYKLIF,2,6.436663233779608e-05
CAVREEPQVQTF,5,0.00016091658084449022
CAVWDDSLTHF,2,6.436663233779608e-05
CCSYAGRGTF,2,6.436663233779608e-05
CCSYAGSGKGVF,2,6.436663233779608e-05
CCSYATGGTWGF,2,6.436663233779608e-05
CCSYEGSGVIF,3,9.654994850669413e-05
CCSYGGYYTPVNF,10,0.00032183316168898045
CDSASYPEGNF,5,0.00016091658084449022
CERHLGEGF,2,6.436663233779608e-05
CESAIYPEGNF,3,9.654994850669413e-05
CESASCPEGNF,12,0.0003861997940267765
CESASDPEGNF,7,0.0002252832131822863
CESASFPEGNF,8,0.00025746652935118434
CESASHPEGNF,7,0.0002252832131822863
CESASNPEGNF,7,0.0002252832131822863
CESASSPEGNF,9,0.0002896498455200824
CESASYAEGNF,9,0.0002896498455200824
CESASYHEGNF,8,0.00025746652935118434
CESASYLEGNF,5,0.00016091658084449022
CESASYPAGNF,4,0.00012873326467559217
CESASYPDGNF,9,0.0002896498455200824
CESASYPEANF,11,0.00035401647785787845
CESASYPEENF,9,0.0002896498455200824
CESASYPEGNF,29327,0.943840113285273
CESASYPEGTF,3,9.654994850669413e-05
CESASYPERNF,15,0.0004827497425334707
CESASYPEVNF,7,0.0002252832131822863
CESASYPGGNF,8,0.00025746652935118434
CESASYPKGNF,11,0.00035401647785787845
CESASYPQGNF,5,0.00016091658084449022
CESASYPVGNF,3,9.654994850669413e-05
CESASYREGNF,7,0.0002252832131822863
CESASYSEGNF,10,0.00032183316168898045
CESASYTEGNF,11,0.00035401647785787845
CESDSYPEGNF,17,0.0005471163748712668
CETASYPEGNF,6,0.00019309989701338825
CGASGFTF,16,0.0005149330587023687
CGKDSSGF,2,6.436663233779608e-05
CGPGRGAGAGGF,8,0.00025746652935118434
CGSASYPEGNF,16,0.0005149330587023687
CGSLWGGGGF,2,6.436663233779608e-05
CGSVRPQSQHF,3,9.654994850669413e-05
CHQRGTRWTF,7,0.0002252832131822863
CHQSSNSPPTF,10,0.00032183316168898045
CHQYDDAPWTF,5,0.00016091658084449022
CHQYDNWLTF,4,0.00012873326467559217
CHQYENDLFTF,11,0.00035401647785787845
CHQYGGSRTF,2,6.436663233779608e-05
CHQYNSFWTF,38,0.0012229660144181256
CHQYSGTVLTF,3,9.654994850669413e-05
CHQYSNWSGTF,5,0.00016091658084449022
CHQYYNAPRTF,32,0.0010298661174047373
CIQALQTPWTF,5,0.00016091658084449022
CIQTLLTPYTF,2,6.436663233779608e-05
CISCTTSATYVF,2,6.436663233779608e-05
CISFLFFSFF,5,0.00016091658084449022
CISYTTSATYVF,44,0.0014160659114315138
CKSASYPEGNF,24,0.000772399588053553
CKVYSPMYTF,2,6.436663233779608e-05
CLCAGSGVVF,3,9.654994850669413e-05
CLCATVQSCSQRGF,2,6.436663233779608e-05
CLLDYSYPWTF,2,6.436663233779608e-05
CLLLCKRGF,2,6.436663233779608e-05
CLQCGGSPRWTF,16,0.0005149330587023687
CLQHDNFPYTF,7,0.0002252832131822863
CLQSYMLPFTF,15,0.0004827497425334707
CLQYDSYPLTF,6,0.00019309989701338825
CLQYNSFTRTF,3,9.654994850669413e-05
CMQALQAPWTF,3,9.654994850669413e-05
CMQGTQSTWTF,6,0.00019309989701338825
CMQSLQSYTF,21,0.0006758496395468589
CMQTLQSPLTF,22,0.0007080329557157569
CMQTTEFPWTF,7,0.0002252832131822863
CQESFNTLWTF,2,6.436663233779608e-05
CQESYSALRTF,2,6.436663233779608e-05
CQEYNSLWTF,6,0.00019309989701338825
CQHFHSAPFTF,2,6.436663233779608e-05
CQHLSKWPLTF,7,0.0002252832131822863
CQHQGF,2,6.436663233779608e-05
CQHSDRGRYTF,3,9.654994850669413e-05
CQHYDNFPGF,2,6.436663233779608e-05
CQHYGNSLFTF,14,0.0004505664263645726
CQHYGSSPYTF,2,6.436663233779608e-05
CQHYGTSRTF,3,9.654994850669413e-05
CQHYHITPFTF,2,6.436663233779608e-05
CQHYKVYPYTF,4,0.00012873326467559217
CQHYNRHWTF,94,0.003025231719876416
CQHYSVYPYTF,2,6.436663233779608e-05
CQHYYDLPLTF,2,6.436663233779608e-05
CQKYDKSPCTF,6,0.00019309989701338825
CQNYNTPRATF,15,0.0004827497425334707
CQQADTFPVTF,4,0.00012873326467559217
CQQCADSPLTF,2,6.436663233779608e-05
CQQCYTTRLTF,3,9.654994850669413e-05
CQQFADLPITF,2,6.436663233779608e-05
CQQFGTF,4,0.00012873326467559217
CQQFGTSPSTF,5,0.00016091658084449022
CQQFHTFPLTF,3,9.654994850669413e-05
CQQFQGWPLTF,4,0.00012873326467559217
CQQFRNYATF,2,6.436663233779608e-05
CQQGYTSPETF,3,9.654994850669413e-05
CQQHDRYPLTF,7,0.0002252832131822863
CQQISDYPPTF,7,0.0002252832131822863
CQQRRYWPTNF,2,6.436663233779608e-05
CQQRSFWGGF,2,6.436663233779608e-05
CQQRSHWPTF,2,6.436663233779608e-05
CQQRSKLITF,2,6.436663233779608e-05
CQQRSNWPRNF,2,6.436663233779608e-05
CQQRTDWSYTF,11,0.00035401647785787845
CQQRTSWLTF,6,0.00019309989701338825
CQQSDKLLLTF,12,0.0003861997940267765
CQQSNTALRTF,2,6.436663233779608e-05
CQQSQTYPWTF,4,0.00012873326467559217
CQQSRKITF,3,9.654994850669413e-05
CQQSSGAPYNF,4,0.00012873326467559217
CQQSSTRITF,12,0.0003861997940267765
CQQSYNVVTF,2,6.436663233779608e-05
CQQSYRSLTF,18,0.0005792996910401648
CQQSYSAWTF,4,0.00012873326467559217
CQQSYSGWTF,19,0.0006114830072090628
CQQSYSTPTF,2,6.436663233779608e-05
CQQSYTFLTF,2,6.436663233779608e-05
CQQSYTIPWTF,3,9.654994850669413e-05
CQQTYSAITF,2,6.436663233779608e-05
CQQTYTSPETF,10,0.00032183316168898045
CQQYATSRLTF,2,6.436663233779608e-05
CQQYDNLYTF,6,0.00019309989701338825
CQQYDSHRWTF,2,6.436663233779608e-05
CQQYDTILPYTF,2,6.436663233779608e-05
CQQYDTYFTF,4,0.00012873326467559217
CQQYFDAPYTF,5,0.00016091658084449022
CQQYGRFGGF,2,6.436663233779608e-05
CQQYGTSPLTF,30,0.0009654994850669413
CQQYHDVITF,2,6.436663233779608e-05
CQQYHNLLTF,104,0.0033470648815653965
CQQYHTPPFTF,17,0.0005471163748712668
CQQYKDWPTF,2,6.436663233779608e-05
CQQYKNYYTF,6,0.00019309989701338825
CQQYKSSYTF,2,6.436663233779608e-05
CQQYLRPAFTF,16,0.0005149330587023687
CQQYNAWPLTF,4,0.00012873326467559217
CQQYNLFALTF,3,9.654994850669413e-05
CQQYNNWSGNF,8,0.00025746652935118434
CQQYNTDWTF,5,0.00016091658084449022
CQQYNTFYTF,5,0.00016091658084449022
CQQYQKMYTF,4,0.00012873326467559217
CQQYSKLSRHTF,2,6.436663233779608e-05
CQQYSVGRTF,4,0.00012873326467559217
CQQYTNSRTF,2,6.436663233779608e-05
CQQYTNYAQTF,4,0.00012873326467559217
CQQYTNYWTF,4,0.00012873326467559217
CQQYYDIQTF,2,6.436663233779608e-05
CQQYYNTPPGF,4,0.00012873326467559217
CQQYYSTPPGGF,5,0.00016091658084449022
CQRRHDWPPTF,4,0.00012873326467559217
CQRYGSSPPTF,3,9.654994850669413e-05
CQSASYPEGNF,8,0.00025746652935118434
CQSDYTF,2,6.436663233779608e-05
CQSLDGSGAYWVF,2,6.436663233779608e-05
CQTWDSSAYVF,2,6.436663233779608e-05
CQTYSAMTF,4,0.00012873326467559217
CQVDSIVPFTF,4,0.00012873326467559217
CQVWDATPVF,9,0.0002896498455200824
CQYRRTF,3,9.654994850669413e-05
CQYYSSSRWTF,2,6.436663233779608e-05
CRLLLFSGLPFGF,2,6.436663233779608e-05
CSATSGWLTF,2,6.436663233779608e-05
CSSFASSYTQVF,3,9.654994850669413e-05
CSSLPDSGPGLGF,2,6.436663233779608e-05
CSSLTTSSTLFVF,2,6.436663233779608e-05
CSSSAGNNVF,53,0.0017057157569515962
CSSSAGNSFF,35,0.0011264160659114316
CSSTSCYRNF,9,0.0002896498455200824
CSSYAGSNNF,2,6.436663233779608e-05
CSSYSTSSTRVF,2,6.436663233779608e-05
CSSYTSGTLYVF,2,6.436663233779608e-05
CSVRDEPQVQTF,2,6.436663233779608e-05
CSVREEPQVQTF,8,0.00025746652935118434
CTASGFTFSTF,3,9.654994850669413e-05
CTRYESSGF,7,0.0002252832131822863
CVQALQTWTF,4,0.00012873326467559217
CVQTLLTPYTF,6,0.00019309989701338825
CVSASYPEGNF,9,0.0002896498455200824
